customer_id,customer_name,email,registration_date,customer_type,city,state,region
1,Anay Magar,jdutta@example.com,2026-01-18,REGULAR,Kavali,Chhattisgarh,West
2,Victor Wali,lnigam@example.com,2024-01-02,PREMIUM,Vellore,Himachal Pradesh,East
3,Manbir Sama,zraman@example.org,2025-03-21,REGULAR,Guwahati,Haryana,North
4,Chavvi Murty,omaharaj@example.com,2025-11-05,REGULAR,Hajipur,Madhya Pradesh,East
5,Arjun Edwin,agarwalabeer@example.net,2024-09-21,VIP,Bathinda,Chhattisgarh,East
6,Yamini Mukherjee,gangamorar@example.net,2025-07-12,VIP,North Dumdum,Arunachal Pradesh,South
7,Urmi Nadig,chadavasudha@example.org,2026-03-12,PREMIUM,New Delhi,Gujarat,East
8,Yachana Bhagat,bobalfarhan@example.net,2026-02-28,REGULAR,Ballia,Tripura,South
9,Ubika Thaker,abhattacharyya@example.com,2024-08-18,PREMIUM,Patiala,Bihar,East
10,Tanveer Bains,sethgunbir@example.org,2025-02-22,PREMIUM,Surendranagar Dudhrej,Himachal Pradesh,South
11,Chameli Dixit,bishakhaviswanathan@example.net,2023-08-13,VIP,Nagaon,Telangana,East
12,Janaki Shroff,libni27@example.net,2026-01-09,VIP,Ongole,Goa,East
13,Warda Chatterjee,naikidika@example.com,2026-04-12,REGULAR,Patiala,Telangana,South
14,Nicholas Choudhry,gdora@example.net,2023-09-18,PREMIUM,Bareilly,Telangana,North
15,Adya Kannan,karpeter@example.net,2024-09-14,VIP,Sasaram,Kerala,South
16,William Khatri,virkyash@example.net,2024-11-12,PREMIUM,Bally,Gujarat,East
17,Chandran Mody,mandaltejas@example.org,2025-06-06,REGULAR,Bulandshahr,Tripura,South
18,Damyanti Rajagopal,omkaar46@example.com,2024-05-20,PREMIUM,Patna,Tripura,West
19,Bhanumati Kashyap,vivaanchopra@example.net,2025-08-03,REGULAR,Dewas,Bihar,East
20,Faris Mahajan,kallawarda@example.com,2025-04-01,REGULAR,Phusro,Himachal Pradesh,East
21,Bachittar Grover,shrofftanveer@example.net,2025-03-10,PREMIUM,Salem,Arunachal Pradesh,West
22,Lopa Kulkarni,nathan45@example.net,2025-08-12,REGULAR,Aurangabad,Punjab,East
23,Ronith Goel,bengirik@example.org,2026-04-15,PREMIUM,Gandhinagar,Odisha,West
24,Krishna Aurora,yamini27@example.net,2025-05-16,VIP,Jalgaon,Odisha,North
25,Maya Ratta,apradhan@example.net,2024-03-03,VIP,Rourkela,Uttar Pradesh,South
26,Anthony Natt,ksavant@example.net,2024-03-13,REGULAR,Vijayanagaram,Arunachal Pradesh,North
27,Guneet Parmar,choudhrygaurav@example.com,2025-02-21,REGULAR,Ratlam,Haryana,West
28,Ekapad Desai,ekalingaamble@example.net,2025-11-03,PREMIUM,Loni,Jharkhand,East
29,Anamika Prabhakar,daminitella@example.net,2024-10-24,VIP,Varanasi,Gujarat,South
30,Keya Baral,misraom@example.net,2024-04-10,REGULAR,Chinsurah,Odisha,West
31,Vanya Pant,reyanshrastogi@example.net,2025-08-30,PREMIUM,Morena,Punjab,West
32,Qadim Ganesan,surjagdish@example.org,2023-10-12,VIP,Sultan Pur Majra,Haryana,South
33,Vansha Kala,zhora@example.com,2025-09-17,PREMIUM,Giridih,Maharashtra,North
34,Wridesh Saraf,dinniharika@example.org,2024-01-10,PREMIUM,Bongaigaon,Mizoram,West
35,Jeevika Mani,mohammed10@example.org,2024-01-09,PREMIUM,Danapur,Punjab,North
36,Dalbir Nagi,jalsa41@example.net,2026-03-01,PREMIUM,Korba,Karnataka,North
37,Arya Ravi,deshpandenirja@example.net,2026-02-01,PREMIUM,Jammu,Goa,East
38,Zayan Handa,ssahni@example.net,2024-10-12,REGULAR,Gaya,Mizoram,East
39,Widisha Upadhyay,abhahegde@example.com,2023-09-13,VIP,Khora ,Arunachal Pradesh,North
40,Hritik Dora,ckade@example.net,2025-09-01,VIP,Nangloi Jat,Meghalaya,West
41,Arunima Raghavan,bbath@example.com,2025-01-22,REGULAR,Ozhukarai,Kerala,North
42,Yash Ray,johalwidisha@example.com,2025-04-09,VIP,Berhampore,Himachal Pradesh,West
43,Vedika Gala,balakrishnanaahana@example.net,2024-09-27,REGULAR,Motihari,Haryana,East
44,Wakeeta Gole,sinhaisaiah@example.com,2025-06-01,VIP,Allahabad,Karnataka,East
45,Owen Chad,yswamy@example.org,2025-01-16,VIP,Narasaraopet,Chhattisgarh,West
46,Ira Naidu,warindernagy@example.net,2026-04-25,PREMIUM,Akola,Rajasthan,West
47,Sathvik Karan,ikshitasarma@example.com,2024-08-23,PREMIUM,Alwar,Rajasthan,East
48,Chandani Srinivasan,labanlal@example.net,2025-09-24,REGULAR,Pali,Telangana,South
49,Yash Bera,vasana35@example.net,2024-11-08,PREMIUM,Latur,Kerala,East
50,Ishita Agate,vvarughese@example.org,2025-02-16,VIP,Dibrugarh,Goa,East
51,Udant Basak,fchandran@example.com,2023-12-08,PREMIUM,Singrauli,Meghalaya,South
52,Yashoda Chahal,svarughese@example.com,2024-02-02,PREMIUM,Delhi,West Bengal,South
53,Kamala Mody,lakshmi85@example.org,2024-08-30,VIP,Hapur,Goa,North
54,Lila Lanka,yashodadesai@example.net,2025-12-26,VIP,Haldia,Andhra Pradesh,South
55,Nitara Mani,niharikavarughese@example.com,2024-08-03,PREMIUM,Mathura,Karnataka,East
56,Nitesh Pal,cvora@example.com,2024-04-15,REGULAR,Rampur,Odisha,East
57,Vrinda Nagi,rattandaksha@example.net,2025-04-07,REGULAR,Ludhiana,Himachal Pradesh,West
58,Patrick Chatterjee,ppatil@example.com,2023-09-02,VIP,Pali,Madhya Pradesh,East
59,Ekiya Vaidya,chatresh93@example.com,2024-05-27,REGULAR,Bally,Tamil Nadu,North
60,Oeshi Sawhney,xbhatti@example.org,2024-12-27,REGULAR,Giridih,Jharkhand,West
61,Jeremiah Hegde,lopa49@example.org,2023-11-29,PREMIUM,Tadepalligudem,Meghalaya,South
62,Rohan Sagar,chameli18@example.com,2025-02-20,VIP,Kishanganj,Assam,East
63,Bishakha Padmanabhan,useth@example.net,2025-10-17,PREMIUM,Ambarnath,Mizoram,South
64,Max Khosla,banikkrisha@example.com,2024-11-07,PREMIUM,Motihari,Goa,West
65,Divya Sundaram,gmishra@example.com,2026-05-30,REGULAR,Amritsar,Rajasthan,North
66,Logan Ganguly,kkuruvilla@example.net,2024-04-10,VIP,Suryapet,Maharashtra,North
67,Falan Natt,mohinigoswami@example.com,2023-12-31,PREMIUM,Mirzapur,Andhra Pradesh,West
68,Christopher Varma,kondakevin@example.org,2025-06-14,REGULAR,Ramagundam,Chhattisgarh,North
69,Caleb Dugar,falgunichada@example.org,2025-08-27,REGULAR,Sultan Pur Majra,Andhra Pradesh,South
70,Chaman Muni,qabil41@example.net,2025-04-06,PREMIUM,Aurangabad,Karnataka,West
71,Elijah Oak,lakshitgrewal@example.com,2024-03-21,VIP,Kanpur,Assam,South
72,Lavanya Vyas,omisha09@example.net,2025-01-25,VIP,Tadepalligudem,Odisha,North
73,Farhan Brahmbhatt,zkulkarni@example.com,2026-05-19,PREMIUM,Bhilwara,Telangana,East
74,Arin Banerjee,meghana20@example.net,2024-08-17,VIP,Kochi,Karnataka,North
75,Raagini Dugar,nimratkaul@example.org,2026-05-30,REGULAR,Bhimavaram,Haryana,North
76,Lavanya Khatri,varsha23@example.org,2025-10-17,REGULAR,Kamarhati,Arunachal Pradesh,North
77,Andrew Kade,vedasaran@example.org,2026-01-05,REGULAR,South Dumdum,Himachal Pradesh,North
78,Amrita Tandon,jalsacontractor@example.com,2023-10-28,VIP,Bahraich,Maharashtra,North
79,Karan Bhargava,etashankar@example.net,2024-06-11,REGULAR,Hapur,Assam,North
80,Luke Dara,sacharvivaan@example.org,2024-02-16,PREMIUM,Hyderabad,Uttarakhand,West
81,Rachit Sridhar,vasudhaviswanathan@example.net,2025-02-07,VIP,Solapur,Uttarakhand,North
82,Rayaan Bhatti,harshil19@example.com,2024-09-26,PREMIUM,Imphal,Gujarat,West
83,Vyanjana Dewan,varenya67@example.org,2025-10-15,REGULAR,Raiganj,Tripura,West
84,Dhriti Arya,dayitakhurana@example.org,2024-09-27,REGULAR,Srinagar,Kerala,East
85,Oscar Sarkar,qushi06@example.org,2026-04-26,VIP,Tinsukia,Tamil Nadu,West
86,Adweta Banik,falgunisethi@example.org,2025-03-21,VIP,Karawal Nagar,Andhra Pradesh,West
87,Nidhi Sur,murthyjai@example.net,2026-04-26,PREMIUM,Unnao,Karnataka,West
88,Hamsini Seth,saumya40@example.net,2025-06-30,PREMIUM,Madanapalle,Uttarakhand,East
89,Ishaan Bhargava,unnatinayar@example.net,2024-03-23,VIP,Raurkela Industrial Township,West Bengal,North
90,Nakul Kapoor,ijaya33@example.net,2026-01-15,PREMIUM,Dharmavaram,Andhra Pradesh,South
91,Neelima Banerjee,ayushmanbhatnagar@example.net,2026-01-29,REGULAR,Sonipat,Uttarakhand,East
92,Meera Mitra,vamakshidatta@example.com,2023-08-07,REGULAR,Gangtok,Odisha,North
93,Gaurang Shetty,rachit51@example.org,2025-01-25,VIP,Moradabad,Punjab,North
94,Max Saini,brahmbhattmaya@example.net,2025-05-07,PREMIUM,Bhilwara,Haryana,East
95,Manan Dhaliwal,mayachaudhry@example.com,2025-08-04,VIP,Rajkot,Mizoram,East
96,Saksham Garde,cmaharaj@example.com,2025-04-16,VIP,Tirunelveli,Rajasthan,North
97,Aishani Patel,amol42@example.com,2025-07-28,REGULAR,Panchkula,Sikkim,West
98,Samaksh Bajwa,jkohli@example.net,2025-03-14,PREMIUM,Erode,Nagaland,North
99,Advaith Comar,wkari@example.net,2024-03-29,PREMIUM,Ranchi,Haryana,South
100,Nikita Kothari,yashodasahota@example.org,2024-02-26,REGULAR,Buxar,Manipur,East
101,Daksha Gokhale,xanne@example.org,2024-06-01,PREMIUM,Satna,Uttarakhand,East
102,Januja Kibe,dhritinatarajan@example.com,2025-08-25,REGULAR,Hosur,Nagaland,West
103,Gaurangi Kalita,ijaya97@example.com,2024-08-05,REGULAR,Srinagar,West Bengal,West
104,Riya Mannan,faqid54@example.com,2024-03-01,VIP,Bidar,Chhattisgarh,East
105,Ekapad Sachdeva,ygill@example.org,2025-10-23,VIP,Mirzapur,Tamil Nadu,East
106,Yamini Nagy,champakbrahmbhatt@example.net,2023-08-14,PREMIUM,Jorhat,Tamil Nadu,West
107,Oliver Manda,obhatnagar@example.org,2024-04-01,VIP,Ongole,Rajasthan,East
108,Chandran Chana,anusha07@example.org,2024-08-16,PREMIUM,Bareilly,Manipur,North
109,Oni Choudhry,anvi93@example.net,2023-11-12,VIP,Serampore,Karnataka,East
110,Chameli Bhardwaj,watwal@example.net,2024-10-20,VIP,Sambalpur,Tripura,East
111,Rachita Borra,uppalkevin@example.net,2024-04-16,PREMIUM,Durg,Rajasthan,North
112,Mason Sule,tara50@example.org,2024-02-17,PREMIUM,Amravati,Punjab,South
113,Sneha Mitra,wloke@example.org,2024-03-03,PREMIUM,Madanapalle,Maharashtra,North
114,Dayita Guha,yagate@example.net,2024-06-16,REGULAR,Tinsukia,Punjab,North
115,Aryan Dhar,sodhiyashasvi@example.net,2024-10-13,PREMIUM,Dehri,Uttar Pradesh,South
116,Aarnav Atwal,mrai@example.net,2025-11-08,REGULAR,Patiala,Mizoram,West
117,Samuel Nagi,ojasviramakrishnan@example.org,2024-04-06,PREMIUM,Tezpur,Andhra Pradesh,East
118,Ekiya Prabhu,dateharshil@example.org,2026-02-21,PREMIUM,Bharatpur,Punjab,South
119,Meera Sathe,nathanielpall@example.org,2024-05-23,REGULAR,Solapur,Odisha,East
120,Tejas Sen,sinhazayan@example.com,2025-03-04,REGULAR,Anantapuram,Kerala,South
121,Januja Ahuja,kaletara@example.net,2025-09-26,VIP,Berhampore,Chhattisgarh,North
122,Frado Dhingra,ckala@example.org,2024-11-23,VIP,Berhampur,Goa,South
123,Yug D’Alia,ansh31@example.net,2023-09-26,REGULAR,Karimnagar,Tripura,East
124,Urvi Natt,xiti94@example.com,2024-04-05,REGULAR,Kurnool,Mizoram,South
125,Charles Bhat,lajita13@example.org,2025-03-04,PREMIUM,Amravati,Uttar Pradesh,East
126,Abeer Gokhale,nihalwali@example.com,2024-09-05,PREMIUM,Ajmer,Odisha,South
127,Ekantika Tailor,sanghvidominic@example.com,2024-01-01,VIP,Purnia,Sikkim,East
128,Arjun Sharaf,palanaadhya@example.org,2025-04-05,VIP,Shimoga,Kerala,South
129,Advaith Pall,fariq86@example.org,2023-07-29,PREMIUM,Berhampore,Odisha,East
130,Raksha Bhandari,dewanleela@example.net,2023-12-30,VIP,Giridih,Gujarat,West
131,Leena Parikh,tarakkant@example.net,2024-08-04,VIP,Kalyan-Dombivli,West Bengal,East
132,Dipta Cherian,ytara@example.net,2025-10-28,PREMIUM,Dehri,Karnataka,South
133,Ojas Chowdhury,tsura@example.net,2025-03-29,VIP,Etawah,Chhattisgarh,East
134,Lohit Chaudhry,omital@example.net,2026-03-12,VIP,Begusarai,Telangana,West
135,Ati Thaker,vedant48@example.net,2025-03-03,PREMIUM,Dhule,Manipur,South
136,Zilmil Balakrishnan,rachita23@example.org,2023-07-16,VIP,Ratlam,Telangana,South
137,Ayush Chacko,isaiahmuni@example.net,2025-07-21,PREMIUM,Karawal Nagar,Madhya Pradesh,East
138,Pratyush Gola,chavvi84@example.net,2025-04-06,REGULAR,Karnal,Himachal Pradesh,East
139,Qasim Tak,xyohannan@example.com,2025-01-18,REGULAR,Kulti,Telangana,West
140,Sai Prasad,naksh17@example.com,2025-07-21,VIP,Bhalswa Jahangir Pur,Manipur,East
141,Vasatika Datta,gsood@example.net,2025-11-03,PREMIUM,Berhampur,Tripura,South
142,Lekha Batta,rmistry@example.net,2025-05-24,PREMIUM,Gandhinagar,Manipur,West
143,Mohini Bhagat,aachal04@example.com,2023-11-09,VIP,Malegaon,West Bengal,East
144,Bina Mahajan,qnarayanan@example.com,2025-11-13,VIP,Moradabad,Manipur,West
145,Hardik Raj,nsuri@example.net,2024-02-12,REGULAR,Kamarhati,Maharashtra,West
146,William Chand,abasu@example.net,2025-05-30,REGULAR,Dhanbad,Assam,East
147,Amrita Dixit,hmitter@example.org,2025-11-30,PREMIUM,Bardhaman,Jharkhand,South
148,Omya Chad,yashawininatarajan@example.com,2025-03-13,PREMIUM,Silchar,Himachal Pradesh,North
149,Ojasvi Pathak,sinhayashodhara@example.net,2024-08-09,PREMIUM,Sri Ganganagar,West Bengal,North
150,Watika Kuruvilla,oakdev@example.net,2023-11-02,VIP,Yamunanagar,Rajasthan,West
151,Manthan Bora,unni90@example.org,2025-05-12,REGULAR,Sagar,Madhya Pradesh,South
152,Amara Reddy,utkarshkar@example.net,2025-12-21,PREMIUM,Kavali,Goa,East
153,Amruta Narayan,damyanti35@example.com,2023-07-31,VIP,Tinsukia,Jharkhand,South
154,Neel Shukla,shauryananda@example.com,2024-06-22,PREMIUM,Kolhapur,Uttarakhand,North
155,Samuel Chawla,ekantabhargava@example.net,2025-12-13,PREMIUM,Amaravati,Punjab,East
156,Manbir Grewal,gaurang40@example.net,2023-07-31,REGULAR,Navi Mumbai,Mizoram,South
157,Laban Deol,nkorpal@example.org,2025-08-22,VIP,Howrah,Rajasthan,South
158,Atharv Mand,jeet33@example.com,2025-02-25,REGULAR,Nandyal,Tamil Nadu,East
159,Darika Saran,zkalita@example.com,2023-09-18,REGULAR,Siliguri,Telangana,East
160,Rehaan Golla,kalayachana@example.com,2026-02-12,REGULAR,Darbhanga,Tripura,South
161,Zaid Sachdev,mahalbhavika@example.net,2025-01-13,REGULAR,Ambarnath,Nagaland,South
162,Nikita Kalita,jainzashil@example.com,2023-12-08,PREMIUM,Moradabad,Chhattisgarh,West
163,Krisha Hayer,agastya68@example.net,2026-04-25,REGULAR,Sultan Pur Majra,Uttarakhand,West
164,Aarna Vig,warjas53@example.net,2026-03-19,VIP,Nangloi Jat,Bihar,North
165,David Master,tbhagat@example.com,2025-11-19,VIP,Amritsar,Tamil Nadu,North
166,Advika Vohra,harshil34@example.com,2026-04-23,PREMIUM,Anantapur,Maharashtra,East
167,Yachana Halder,hmerchant@example.com,2023-09-15,VIP,Panvel,Mizoram,East
168,Ansh Chaudhry,borahomaja@example.net,2024-11-03,VIP,Aizawl,Tripura,North
169,Qarin Venkataraman,lipika50@example.com,2025-09-11,VIP,Ambala,Odisha,West
170,Amara Sundaram,muttizayyan@example.com,2025-04-20,VIP,Sambhal,Jharkhand,East
171,Chasmum Pall,anvi86@example.net,2024-04-22,PREMIUM,Jalgaon,Odisha,West
172,Megha Balay,aarnav33@example.org,2025-07-14,REGULAR,Saharanpur,Goa,West
173,Rachit Bawa,lankasai@example.org,2024-06-19,REGULAR,Ongole,Bihar,South
174,Forum Dhingra,mkrishnamurthy@example.org,2023-09-30,PREMIUM,Shivpuri,Karnataka,North
175,Lucky D’Alia,girikbhardwaj@example.net,2026-03-16,VIP,Kolhapur,Uttarakhand,East
176,Ijaya Minhas,rayaan21@example.net,2026-04-14,VIP,Aurangabad,Uttarakhand,West
177,Hritik Walia,lmukhopadhyay@example.org,2024-04-08,VIP,Hindupur,Nagaland,East
178,Upadhriti Shere,zgrewal@example.net,2025-05-13,PREMIUM,Nangloi Jat,Mizoram,South
179,Urishilla Pandey,tripathiira@example.com,2023-11-10,REGULAR,Visakhapatnam,Tripura,East
180,Zayyan Kale,yuvrajmenon@example.net,2024-07-23,REGULAR,Loni,Sikkim,North
181,Ethan Narayan,yauvanidayal@example.com,2025-10-22,VIP,Dewas,Nagaland,South
182,Anya Bhardwaj,yashoda82@example.net,2026-03-18,REGULAR,South Dumdum,Mizoram,East
183,Ekta Kata,vvenkatesh@example.com,2023-07-15,VIP,Surat,Gujarat,South
184,Vincent Sengupta,girishsodhi@example.net,2025-06-14,REGULAR,Fatehpur,Himachal Pradesh,West
185,Maya Srinivas,mugdhadhingra@example.org,2026-06-08,VIP,Amravati,Sikkim,East
186,Lekha Kaur,nvarty@example.net,2023-10-11,PREMIUM,Bathinda,Telangana,West
187,Mahika Pandit,mammensaanvi@example.net,2024-05-16,VIP,Ratlam,Gujarat,West
188,Bimala Narasimhan,hegdezashil@example.net,2024-03-07,REGULAR,Mehsana,Tripura,North
189,Watika Dasgupta,jagvirao@example.net,2025-09-13,REGULAR,Thanjavur,Uttarakhand,South
190,Tanmayi Apte,kevin99@example.net,2023-10-15,VIP,Anantapur,Uttar Pradesh,West
191,Agastya Lad,bishakhagargexample.org,2025-11-20,VIP,Madurai,Bihar,North
192,Jyoti Mutti,vyanjanaprabhu@example.net,2024-04-04,REGULAR,Bathinda,Chhattisgarh,West
193,Samuel Iyer,aarushbadami@example.net,2025-11-26,PREMIUM,Buxar,Telangana,South
194,Anika Hora,mtandon@example.org,2024-03-08,VIP,Dhanbad,Tamil Nadu,East
195,Noah Tripathi,spall@example.net,2024-12-15,PREMIUM,Sultan Pur Majra,Uttar Pradesh,West
196,Veer Pandit,dugarwatika@example.net,2026-02-09,REGULAR,Orai,Tamil Nadu,South
197,Oni Deol,nathankhatri@example.net,2024-10-31,REGULAR,Hyderabad,Assam,West
198,Guneet Balakrishnan,naksh31@example.net,2025-01-05,VIP,Agra,Assam,East
199,Aradhana Gara,paninibanerjee@example.com,2026-06-09,REGULAR,Surat,Meghalaya,East
200,Vanya Dey,yadavtheodore@example.net,2024-11-01,PREMIUM,Maheshtala,Mizoram,West
201,Ekavir Contractor,ishani17@example.com,2025-06-28,PREMIUM,Ludhiana,Punjab,North
202,Gaurang Pall,atwaljalsa@example.org,2026-01-11,VIP,Phagwara,Karnataka,South
203,Nikita Nadkarni,tbadal@example.net,2023-12-26,VIP,Nagpur,Bihar,West
204,Ekbal Wadhwa,misralekha@example.org,2025-12-09,PREMIUM,Aizawl,Karnataka,South
205,Rayaan Wagle,nsoni@example.net,2024-01-23,REGULAR,Buxar,Odisha,East
206,Yochana Sawhney,dakshwali@example.com,2024-02-14,VIP,Mangalore,Kerala,South
207,Varenya Lal,kapadiayatan@example.com,2025-12-09,PREMIUM,Pondicherry,Tripura,North
208,Finn Chopra,qkoshy@example.org,2024-02-27,VIP,Sangli-Miraj & Kupwad,Nagaland,North
209,Balveer Edwin,srivastavalajita@example.net,2024-07-16,PREMIUM,Kota,Andhra Pradesh,East
210,Pranav Pandey,ranganathannirja@example.org,2025-08-20,PREMIUM,Amritsar,Andhra Pradesh,South
211,Advay Doshi,wablenidhi@example.com,2024-04-23,PREMIUM,Gandhidham,Arunachal Pradesh,South
212,Qadim Golla,parekhtejas@example.org,2025-03-12,PREMIUM,Imphal,Madhya Pradesh,East
213,Nidhi Badami,pathaksamar@example.com,2025-11-23,VIP,Morbi,Bihar,East
214,Ayush Taneja,lwagleexample.org,2026-06-25,PREMIUM,Surat,Rajasthan,East
215,Farhan Bajwa,ektapalan@example.com,2026-05-24,PREMIUM,Bhilwara,Karnataka,East
216,Ranveer Rastogi,shravya19@example.org,2024-07-25,REGULAR,Tadipatri,Gujarat,West
217,Yasti Sagar,yaminithaman@example.net,2024-06-13,REGULAR,Saharanpur,Chhattisgarh,North
218,Wyatt Gara,jacksonsinha@example.com,2024-01-11,REGULAR,Coimbatore,Rajasthan,West
219,Elijah Sarraf,zdoshi@example.com,2025-01-11,REGULAR,Amravati,Kerala,North
220,Ladli Ratti,mugdhamangal@example.net,2024-02-11,VIP,Raurkela Industrial Township,Assam,West
221,Aarush Banerjee,lopakara@example.com,2025-11-25,VIP,Firozabad,Punjab,South
222,Ekavir Golla,unni87@example.com,2025-11-17,VIP,Ahmedabad,Maharashtra,South
223,Krishna Subramaniam,janyaanand@example.net,2025-09-04,VIP,Shivpuri,Uttarakhand,East
224,Kiaan Iyer,chakrabortyomaja@example.com,2025-12-24,REGULAR,Kavali,Chhattisgarh,South
225,Krisha Bhat,wrau@example.net,2024-05-19,PREMIUM,Moradabad,Arunachal Pradesh,North
226,Sathvik Bansal,varenya10@example.com,2025-01-12,PREMIUM,Hyderabad,Gujarat,North
227,Wriddhish Bala,shivani82@example.com,2023-11-08,PREMIUM,Tinsukia,Mizoram,East
228,Vasana Thakur,sankaralka@example.org,2024-01-09,PREMIUM,Fatehpur,Sikkim,West
229,Rajata Ramachandran,edhithabatra@example.org,2026-02-08,VIP,Gandhinagar,Jharkhand,West
230,Sai Nayak,oeshi78@example.net,2025-08-07,REGULAR,Varanasi,Bihar,East
231,Ridhi Koshy,oakriya@example.org,2025-12-20,PREMIUM,Bhiwani,West Bengal,South
232,Pranav Sankar,kamya48@example.net,2024-06-11,REGULAR,Bhavnagar,Madhya Pradesh,South
233,Gopal Thakur,lbarad@example.net,2023-10-30,REGULAR,Tezpur,Arunachal Pradesh,West
234,Fitan Deep,krishna34@example.com,2024-10-17,PREMIUM,Thoothukudi,Madhya Pradesh,North
235,Amaira Puri,dsuresh@example.org,2025-01-25,PREMIUM,Hospet,Maharashtra,West
236,Krisha Sule,ayush72@example.com,2024-11-15,VIP,Jorhat,Andhra Pradesh,West
237,Ekalinga Banerjee,raunicholas@example.net,2025-07-13,PREMIUM,Akola,Gujarat,South
238,Niharika Varghese,aptefrado@example.org,2024-02-03,VIP,Agra,Chhattisgarh,East
239,Girindra Gera,shankervaishnavi@example.org,2026-03-21,VIP,Adoni,Gujarat,East
240,Dominic Dhaliwal,wallaunni@example.com,2024-02-17,VIP,Katihar,Manipur,West
241,David Dubey,guneet71@example.com,2025-09-06,PREMIUM,Pallavaram,Arunachal Pradesh,East
242,Saanvi Thakkar,chatreshsawhney@example.org,2023-07-25,VIP,Phusro,Tripura,North
243,Lopa Borde,zhayre@example.net,2024-01-05,VIP,Sasaram,Karnataka,East
244,Vrinda Dara,lekhaswamy@example.org,2023-10-06,PREMIUM,Vijayawada,Manipur,South
245,Hritik Mahal,pgade@example.net,2024-12-22,PREMIUM,Bhimavaram,Meghalaya,East
246,Abeer Choudhury,zachariahunnati@example.org,2025-05-01,PREMIUM,Ahmedabad,Arunachal Pradesh,East
247,Maanav Bhat,dbanik@example.com,2025-05-15,VIP,Mathura,Arunachal Pradesh,East
248,Samarth Narasimhan,ishanvi12@example.org,2026-06-16,VIP,Pali,Sikkim,North
249,Guneet Lala,sakshammaster@example.org,2023-12-04,REGULAR,Mira-Bhayandar,Mizoram,West
250,Nicholas Raj,anshsaini@example.com,2025-04-01,VIP,Guna,Mizoram,West
251,Pooja Bahl,yauvaninaidu@example.org,2024-12-09,VIP,Khora ,Meghalaya,North
252,Ayushman Rana,prisha02@example.org,2025-01-22,REGULAR,Tenali,Sikkim,West
253,Jasmit Lanka,raiisha@example.net,2024-11-18,PREMIUM,Sambalpur,Arunachal Pradesh,North
254,Wazir Majumdar,xitidhawan@example.net,2023-09-27,VIP,Kozhikode,Karnataka,West
255,Nitesh Ramaswamy,lekhamann@example.com,2025-05-10,PREMIUM,Muzaffarnagar,Gujarat,South
256,Panini Bhavsar,borahanusha@example.com,2026-03-24,REGULAR,Sagar,Andhra Pradesh,South
257,Bahadurjit Reddy,eshana60@example.com,2024-01-14,PREMIUM,Begusarai,Maharashtra,South
258,Dayita Kadakia,ladgirindra@example.com,2024-11-04,REGULAR,Karimnagar,Sikkim,East
259,Krish Rana,zaid27@example.org,2025-09-16,VIP,Kolkata,Arunachal Pradesh,West
260,Zilmil Iyengar,mkhare@example.net,2025-01-19,PREMIUM,Nandyal,Sikkim,West
261,Gautami Bakshi,jhalakmenon@example.org,2025-08-07,PREMIUM,Bihar Sharif,Andhra Pradesh,East
262,Qabil Prakash,wakeeta46@example.org,2025-03-21,PREMIUM,Kishanganj,Odisha,North
263,Daniel Wable,chandanigola@example.org,2024-06-18,PREMIUM,Mango,Himachal Pradesh,East
264,Utkarsh Karan,wpandey@example.org,2025-10-25,REGULAR,Amritsar,Assam,North
265,Anvi Lad,ojasvi66@example.com,2024-12-04,PREMIUM,Thrissur,Chhattisgarh,North
266,Joshua Pal,owen63@example.net,2025-06-29,PREMIUM,Eluru,Punjab,West
267,David Krishnamurthy,naurora@example.com,2025-10-18,REGULAR,Siliguri,Kerala,West
268,Sara Murthy,schad@example.net,2025-11-17,REGULAR,Firozabad,Mizoram,North
269,Leela Pant,dvala@example.net,2024-05-10,REGULAR,Gaya,West Bengal,South
270,Hitesh Pandya,tejas44@example.org,2024-07-29,VIP,Dindigul,Goa,East
271,Zarna Chaudry,reddyindira@example.org,2023-12-21,REGULAR,Bhagalpur,Goa,South
272,Vritti Sane,baghyawatinarasimhan@example.com,2024-04-20,VIP,Salem,Meghalaya,West
273,Anamika Taneja,xwali@example.net,2023-07-15,PREMIUM,Gopalpur,Assam,East
274,Pahal Dave,keerganga@example.org,2026-06-21,REGULAR,Jodhpur,Bihar,North
275,Fariq Sem,rahuja@example.net,2023-10-01,PREMIUM,Ludhiana,Chhattisgarh,North
276,Pushti Oommen,banikchaaya@example.net,2025-10-16,REGULAR,Srinagar,Tamil Nadu,East
277,Arjun Manne,benjaminkaur@example.org,2024-01-05,PREMIUM,Ozhukarai,Gujarat,East
278,Omkaar Wali,xmitra@example.org,2024-06-25,REGULAR,Bardhaman,Assam,West
279,Jasmit Jain,urvi61@example.com,2025-01-05,REGULAR,Tadipatri,Sikkim,West
280,Aditya Deshpande,varmawatika@example.org,2023-11-21,PREMIUM,Davanagere,Sikkim,West
281,Harish Banerjee,aarush36@example.com,2024-04-16,VIP,Bellary,Chhattisgarh,East
282,Yadavi Khalsa,mandharinakshi@example.org,2025-09-16,REGULAR,Bardhaman,Tripura,East
283,Priya Garde,sampathpavaniexample.net,2024-03-18,PREMIUM,Meerut,Jharkhand,South
284,Brijesh Edwin,onveer63@example.com,2023-09-17,PREMIUM,Ambattur,Arunachal Pradesh,South
285,Krishna Zacharia,ikbalminhas@example.net,2026-05-17,VIP,Narasaraopet,Nagaland,South
286,Faraj Sen,vedikatella@example.net,2024-12-19,PREMIUM,Chapra,Maharashtra,South
287,Aarini Kala,chakradhar75@example.net,2023-11-14,VIP,Panihati,Sikkim,North
288,William Sami,varughesesaksham@example.com,2026-05-25,PREMIUM,Bhalswa Jahangir Pur,Maharashtra,North
289,Forum Savant,golerayaanexample.org,2026-01-02,VIP,Kurnool,Madhya Pradesh,South
290,Ekapad Kadakia,zaidsahota@example.org,2026-02-09,VIP,Haridwar,Odisha,East
291,Pranav Gulati,qchaudhari@example.net,2025-08-14,REGULAR,Malda,Goa,North
292,Mohammed Atwal,chandranchandra@example.com,2023-10-27,VIP,Kochi,Andhra Pradesh,East
293,Priya Rama,mhayer@example.com,2025-04-18,PREMIUM,Amroha,West Bengal,South
294,Ladli Srivastava,vsankaran@example.org,2023-11-09,VIP,Jabalpur,Madhya Pradesh,North
295,Warinder Tandon,mahalbrijeshexample.net,2025-08-31,PREMIUM,Hyderabad,Mizoram,West
296,Amol Borah,samaksh14@example.net,2026-05-09,PREMIUM,Jhansi,West Bengal,South
297,Jeevika Kota,yamini22@example.net,2024-05-16,VIP,Ranchi,Mizoram,West
298,Madhavi Oza,kparikh@example.org,2025-08-09,REGULAR,Gandhidham,Tamil Nadu,South
299,Bhavani Ravel,ganga62@example.org,2025-07-26,VIP,Kadapa,Andhra Pradesh,West
300,Bishakha Bains,deshpandesaumya@example.com,2026-04-08,VIP,Kharagpur,Haryana,West
301,Udarsh Sampath,deshpandesanaya@example.net,2024-02-03,VIP,Hubli–Dharwad,Tamil Nadu,West
302,Ekiya Deshmukh,yuvrajbhatia@example.org,2026-01-29,PREMIUM,Ujjain,Goa,North
303,Isaac Raj,muttibalendra@example.org,2025-09-26,REGULAR,Kirari Suleman Nagar,Goa,East
304,Logan Pandey,eesha28@example.com,2024-03-21,VIP,Durgapur,Maharashtra,West
305,Ranbir Tiwari,balendra06@example.com,2025-09-18,VIP,Tadepalligudem,Gujarat,North
306,Upasna Soman,mason76@example.com,2023-09-26,REGULAR,Morbi,Nagaland,West
307,Ranveer Krishnamurthy,sairao@example.com,2024-02-21,PREMIUM,Mangalore,Goa,North
308,Urvashi Morar,raaginitoor@example.org,2025-05-04,VIP,Thoothukudi,Arunachal Pradesh,North
309,Isaiah Goel,zayanmammen@example.net,2025-07-16,VIP,Dhule,Mizoram,South
310,Dominic Chadha,gavindixit@example.org,2025-07-20,REGULAR,Muzaffarpur,Tamil Nadu,East
311,Jagat Ganguly,khoslamanan@example.net,2025-09-01,REGULAR,Bhind,Goa,North
312,Alexander Sood,borrashravya@example.org,2023-08-08,REGULAR,Meerut,Chhattisgarh,East
313,Hemal Tank,sachireddy@example.net,2024-05-11,VIP,Loni,Assam,North
314,Patrick Bhandari,npathak@example.org,2025-09-30,REGULAR,Fatehpur,Maharashtra,East
315,Shivansh Dhillon,darikaagateexample.org,2024-03-11,REGULAR,Dehri,Madhya Pradesh,North
316,Ranbir Chowdhury,viswanathandominic@example.net,2026-05-23,VIP,Kadapa,Nagaland,East
317,Sai Morar,amblegirish@example.com,2024-02-01,PREMIUM,Guntakal,Andhra Pradesh,West
318,Maanas Ravel,bhavna04@example.net,2025-09-02,REGULAR,Salem,Haryana,East
319,Anay Bandi,tiwarizansi@example.org,2025-09-14,REGULAR,Bokaro,Karnataka,North
320,Teerth Deshpande,pboase@example.com,2024-10-28,PREMIUM,Proddatur,West Bengal,North
321,Onkar Borra,bathsanaya@example.net,2023-12-01,REGULAR,Berhampur,Rajasthan,West
322,Pranit Roy,wkar@example.com,2024-04-02,REGULAR,Shimoga,Madhya Pradesh,East
323,Simon Dube,wriddhishsachdeva@example.com,2024-07-04,REGULAR,Ludhiana,Jharkhand,West
324,Rohan Kaul,ushanker@example.com,2025-08-26,PREMIUM,Nandyal,Karnataka,North
325,Champak Tata,praneelramesh@example.org,2024-06-01,VIP,Sangli-Miraj & Kupwad,Meghalaya,West
326,Jeevika Ravel,ekanithakur@example.org,2023-08-26,VIP,Bhiwani,Bihar,North
327,Tanveer Tripathi,keerzayan@example.com,2026-03-18,VIP,Srinagar,Maharashtra,East
328,Anita Krishnan,sarnasimon@example.org,2026-05-31,PREMIUM,Visakhapatnam,Arunachal Pradesh,South
329,Advaith Pandit,dakshvasa@example.com,2026-06-06,PREMIUM,Tiruchirappalli,Punjab,North
330,Arunima Palla,indirasaxena@example.net,2026-04-01,REGULAR,Farrukhabad,Haryana,East
331,Yasti Hayre,bailbalveer@example.org,2026-01-13,REGULAR,Bhalswa Jahangir Pur,Gujarat,South
332,Ekbal Kapur,kharebhavini@example.org,2024-03-31,PREMIUM,Ichalkaranji,Punjab,North
333,Samesh Issac,kkumar@example.com,2026-01-22,VIP,Tiruvottiyur,Chhattisgarh,West
334,Oni Grover,samueltripathi@example.org,2025-03-24,VIP,Vijayawada,Chhattisgarh,South
335,Ati Prakash,yamini41@example.org,2025-04-25,REGULAR,Buxar,Maharashtra,South
336,Sachi Vora,jeet15@example.com,2026-03-12,PREMIUM,Shimoga,Rajasthan,North
337,Harsh Rout,jaggicharan@example.org,2023-10-22,REGULAR,Parbhani,Goa,East
338,Simon Atwal,misraikshita@example.com,2024-06-03,VIP,Ozhukarai,Jharkhand,West
339,Raksha Radhakrishnan,sathvikatwal@example.net,2025-08-03,PREMIUM,Kharagpur,Mizoram,North
340,Bhavna Pandya,radhajoshiexample.org,2025-06-29,VIP,Bhopal,Jharkhand,West
341,Benjamin Radhakrishnan,jjayaraman@example.net,2024-09-03,PREMIUM,Ozhukarai,Rajasthan,West
342,Agastya Srinivas,iradhillon@example.org,2025-05-10,PREMIUM,Proddatur,Maharashtra,South
343,Udarsh Mitra,sibalyug@example.org,2026-04-01,PREMIUM,Visakhapatnam,Punjab,North
344,Frederick Bhargava,adweta94@example.net,2026-05-02,REGULAR,Bhusawal,Assam,North
345,Yoshita Samra,zmitter@example.com,2024-10-31,VIP,Kalyan-Dombivli,Tripura,West
346,Upasna Barad,ektasrinivas@example.org,2024-05-25,REGULAR,Gulbarga,Maharashtra,South
347,Patrick Anne,mtripathi@example.org,2026-06-12,PREMIUM,Sikar,Sikkim,South
348,Gaurangi Narang,balasubramanianadvaith@example.org,2023-08-20,REGULAR,Dehradun,Meghalaya,North
349,Gaurang Bhatt,triveni95@example.com,2024-04-04,REGULAR,Kozhikode,West Bengal,North
350,Indira Mishra,wdua@example.com,2023-12-09,VIP,Vadodara,Karnataka,East
351,Oviya Pai,zsabharwal@example.com,2025-08-07,PREMIUM,Jaipur,Himachal Pradesh,South
352,Eesha Bandi,tanveermadan@example.org,2025-02-18,REGULAR,Tiruvottiyur,Meghalaya,North
353,Nathan Krishna,rishiparmer@example.org,2024-10-05,PREMIUM,Madanapalle,Odisha,West
354,Sai Roy,morenitesh@example.net,2025-08-23,PREMIUM,Giridih,Telangana,North
355,Vrishti Subramanian,umang27@example.com,2026-01-06,VIP,Kadapa,Chhattisgarh,West
356,Ryan Saxena,upatil@example.org,2025-05-08,PREMIUM,Raiganj,Nagaland,South
357,Nihal Sur,dyalekalinga@example.com,2024-10-21,VIP,Rajahmundry,West Bengal,North
358,Krish Shroff,ughose@example.org,2024-01-30,VIP,Bhalswa Jahangir Pur,Goa,North
359,Adweta Balan,madhavichar@example.net,2025-09-10,VIP,Nagpur,Madhya Pradesh,East
360,Radhika Bath,dalajanarayan@example.org,2023-09-20,VIP,Miryalaguda,Arunachal Pradesh,North
361,Meera Sood,praneel22@example.org,2025-11-25,VIP,Anantapur,Rajasthan,South
362,David Dewan,azaanbasuexample.org,2024-09-06,VIP,Etawah,Gujarat,East
363,Nilima Pandya,khuranavrinda@example.org,2025-12-11,REGULAR,Panipat,Nagaland,East
364,Frado Dey,htoor@example.net,2024-08-25,PREMIUM,Avadi,Punjab,West
365,Unnati Bawa,nkar@example.net,2024-11-26,REGULAR,Vijayanagaram,Himachal Pradesh,North
366,Ubika Doshi,wbasu@example.com,2024-06-25,PREMIUM,Sultan Pur Majra,Maharashtra,East
367,Warinder Kapur,omya42@example.com,2024-01-08,VIP,Phusro,Himachal Pradesh,North
368,Falak Sani,harish04@example.com,2026-01-22,PREMIUM,Khandwa,West Bengal,North
369,Yoshita Mander,naveenradhakrishnan@example.org,2025-12-03,REGULAR,Nashik,Rajasthan,West
370,Yadavi Magar,sarnaneel@example.net,2024-11-21,VIP,Vadodara,Chhattisgarh,East
371,Henry Balay,jkuruvilla@example.com,2026-02-08,PREMIUM,Rajahmundry,Tripura,East
372,Tanveer Manne,ibhagat@example.org,2024-11-02,PREMIUM,Rampur,Manipur,West
373,Timothy Mutti,shivanshgera@example.org,2026-06-02,PREMIUM,Khammam,Bihar,North
374,Maanas Ranganathan,ksamra@example.com,2025-12-03,VIP,Shahjahanpur,Haryana,East
375,Sneha Rout,mannanvedant@example.net,2023-07-27,REGULAR,Deoghar,Uttarakhand,South
376,Xiti Rau,mugdhasharma@example.net,2025-10-29,VIP,Buxar,Telangana,North
377,Vasudha Sethi,ishasubramanian@example.net,2025-01-04,VIP,Jaipur,West Bengal,North
378,Ekiya Handa,duttaadvik@example.net,2023-09-07,REGULAR,Morena,Punjab,East
379,Vyanjana Edwin,jagratibehl@example.org,2024-11-29,VIP,Nagpur,Karnataka,East
380,Robert Sem,nidra66@example.com,2026-05-01,REGULAR,Madanapalle,Arunachal Pradesh,East
381,Tejas Chowdhury,slanka@example.com,2024-09-09,REGULAR,Nanded,Nagaland,South
382,Nathan Bora,arjunsalvi@example.org,2026-02-28,PREMIUM,Meerut,Tripura,West
383,Warda Basu,singhdayita@example.org,2025-11-12,VIP,Gandhidham,Maharashtra,North
384,Falan Dugal,lbhargava@example.com,2025-12-09,VIP,Panipat,Tamil Nadu,South
385,Ladli Guha,zvasa@example.com,2025-12-27,REGULAR,Darbhanga,Chhattisgarh,North
386,Triveni Kar,mohammedchaudhry@example.org,2025-06-08,VIP,Nellore,Uttarakhand,East
387,Guneet Buch,gayathriseth@example.com,2025-09-07,PREMIUM,Mysore,Himachal Pradesh,West
388,Vasana Joshi,hswaminathan@example.com,2026-06-15,REGULAR,Nadiad,Madhya Pradesh,West
389,Darpan Mallick,zashillal@example.org,2025-03-21,VIP,Bardhaman,Uttarakhand,West
390,Samarth Gandhi,anjali41@example.net,2026-01-03,VIP,Bardhaman,Maharashtra,West
391,Gautam Narain,jeetchad@example.org,2023-09-08,VIP,Karimnagar,Arunachal Pradesh,North
392,Warhi Rau,pramanathan@example.net,2026-02-14,PREMIUM,Amravati,Himachal Pradesh,North
393,Wishi Chacko,aashi21@example.net,2023-10-24,REGULAR,Machilipatnam,Tamil Nadu,South
394,Pranav Nair,dyalekani@example.net,2026-04-07,PREMIUM,Vellore,Mizoram,East
395,Irya Goswami,duttazilmil@example.org,2024-04-15,VIP,Satara,Nagaland,North
396,Vihaan Choudhary,fbasu@example.org,2024-08-26,VIP,Bidar,Arunachal Pradesh,North
397,Girindra Doctor,baliwarhi@example.org,2026-06-27,VIP,Mumbai,Tripura,North
398,Triveni Ganesan,kkhatri@example.org,2024-02-02,REGULAR,Guntakal,Maharashtra,South
399,Adweta Iyengar,ghans@example.org,2024-08-13,PREMIUM,Burhanpur,Jharkhand,East
400,Vihaan Kamdar,bhavsarabhiram@example.com,2026-03-19,PREMIUM,Bhusawal,Uttarakhand,North
401,Noah Bhat,henry25@example.org,2023-09-17,REGULAR,Kulti,Punjab,South
402,Ojas Jaggi,upmaswaminathan@example.com,2025-02-26,PREMIUM,Dindigul,Manipur,South
403,Ranbir Gala,buchvamakshi@example.org,2025-05-23,PREMIUM,Mira-Bhayandar,Arunachal Pradesh,East
404,Rohan Gara,jainaryan@example.net,2025-12-31,REGULAR,Nagaon,Odisha,East
405,Rohan Gupta,maanav60@example.net,2025-02-13,REGULAR,Erode,Goa,North
406,Eiravati Kaul,eiravatimenon@example.com,2023-08-02,PREMIUM,Solapur,Haryana,East
407,Charan Tank,deepa68@example.com,2026-05-27,REGULAR,Narasaraopet,Himachal Pradesh,North
408,Ekapad Bumb,wbhavsar@example.com,2025-02-22,REGULAR,Mira-Bhayandar,Uttarakhand,South
409,Dalbir Rau,ishaanmangat@example.net,2024-11-13,VIP,Mangalore,Goa,West
410,Lajita Shetty,nagarnihal@example.org,2024-03-03,REGULAR,Mathura,Odisha,East
411,Krishna Khalsa,mohammed32@example.net,2023-07-29,REGULAR,Delhi,Haryana,West
412,Bina Nadkarni,ekantabhatia@example.net,2025-02-27,REGULAR,Haridwar,Arunachal Pradesh,West
413,Bishakha Chakrabarti,abdul43@example.com,2024-02-04,REGULAR,Kurnool,Rajasthan,West
414,Guneet Nayar,patilekantika@example.com,2024-07-14,VIP,Avadi,Uttarakhand,East
415,Kamya Dugal,idikasarkar@example.com,2026-06-20,REGULAR,Tadipatri,Maharashtra,East
416,Yutika Sengupta,ekalingamittal@example.net,2025-06-04,REGULAR,Gangtok,Uttar Pradesh,North
417,Nisha Viswanathan,swamyleela@example.com,2024-09-26,PREMIUM,Kolhapur,Punjab,West
418,Xavier Nagarajan,nitesh63@example.org,2025-11-06,REGULAR,Erode,Gujarat,West
419,Hitesh Jha,purohitbahadurjit@example.net,2025-02-24,PREMIUM,Udaipur,Chhattisgarh,North
420,Aashi Sami,fiyaz34@example.org,2025-10-03,REGULAR,Alappuzha,Tamil Nadu,South
421,Akshay Kar,dgrewal@example.com,2025-08-23,PREMIUM,Karawal Nagar,Sikkim,North
422,Chaitanya Raja,harini45@example.org,2024-12-31,REGULAR,Jalgaon,Odisha,West
423,Ekavir Natt,vincent64@example.com,2024-05-06,PREMIUM,Rajkot,Kerala,South
424,Charvi Dhar,wriddhish04@example.net,2026-05-27,REGULAR,Vijayawada,Bihar,South
425,Abeer Deep,aptefalan@example.com,2025-09-07,PREMIUM,Panihati,Telangana,West
426,Tanveer Chakrabarti,galanikita@example.com,2023-08-03,PREMIUM,Salem,Meghalaya,East
427,Garima Agarwal,hpant@example.net,2026-06-05,PREMIUM,Bhiwani,Rajasthan,East
428,Amara Devan,mbalakrishnan@example.net,2024-10-19,PREMIUM,Medininagar,Meghalaya,South
429,Megha Badal,sarrafupadhriti@example.com,2026-07-01,REGULAR,Bhilwara,Nagaland,East
430,Krisha Shroff,abhimanyusamra@example.net,2024-10-26,VIP,Eluru,Haryana,South
431,Anya Chhabra,aaravvarkey@example.org,2024-04-26,PREMIUM,Thoothukudi,Himachal Pradesh,South
432,Aarnav Mital,rattitriyaexample.org,2026-03-15,VIP,Mango,Manipur,West
433,Leena Kamdar,ppant@example.net,2023-08-16,REGULAR,Gaya,Sikkim,West
434,Kritika Keer,somannimrat@example.net,2023-07-25,REGULAR,Ghaziabad,Rajasthan,North
435,Sara Grewal,wvasa@example.net,2025-08-04,REGULAR,Dewas,Rajasthan,East
436,Devansh Pillai,ria34@example.org,2023-09-20,REGULAR,Mathura,Gujarat,South
437,Ojas Sur,zilmilgandhi@example.com,2024-05-30,VIP,Aurangabad,Uttar Pradesh,West
438,Tripti Sha,devanyashvi@example.net,2024-02-03,VIP,Guntakal,Uttarakhand,North
439,Yashvi Wali,yahvibutala@example.net,2023-09-30,PREMIUM,Aurangabad,Chhattisgarh,South
440,Diya Raju,qsharaf@example.net,2026-01-24,VIP,Tiruppur,Chhattisgarh,North
441,Nidhi Hora,jai54@example.com,2026-01-31,PREMIUM,Allahabad,Punjab,West
442,Radha Maharaj,nakshkaur@example.org,2024-06-20,REGULAR,Siwan,Himachal Pradesh,North
443,Andrew Hari,gayathri45@example.org,2025-12-27,VIP,Narasaraopet,Punjab,South
444,Brinda Wali,chhabrajack@example.com,2024-11-25,PREMIUM,Akola,Tamil Nadu,East
445,Sudiksha Tata,drao@example.net,2024-01-18,VIP,Bihar Sharif,Andhra Pradesh,West
446,Aarna Nadkarni,gsheth@example.org,2024-11-22,PREMIUM,Hosur,Manipur,East
447,Matthew Sani,siddharth87@example.com,2024-10-13,VIP,Indore,Kerala,South
448,Ati Bajwa,manbir59@example.org,2024-09-21,VIP,Proddatur,Nagaland,East
449,Guneet Bandi,falan56@example.org,2024-09-23,PREMIUM,Panihati,Maharashtra,East
450,Isaac Gera,anika37@example.net,2024-12-09,REGULAR,Baranagar,Nagaland,East
451,Omisha Sundaram,triptisamra@example.org,2025-06-06,REGULAR,Mirzapur,Madhya Pradesh,East
452,Yadavi Thakkar,harshkoshy@example.org,2025-07-03,VIP,Madanapalle,West Bengal,North
453,Henry Bassi,waida66@example.org,2024-11-05,REGULAR,Vellore,Uttarakhand,North
454,Tanay Sathe,adyasarin@example.com,2025-07-12,VIP,Karaikudi,Jharkhand,West
455,Jonathan Nagar,agateupma@example.net,2026-06-03,VIP,Hapur,Andhra Pradesh,West
456,Ayushman Hari,neel23@example.net,2024-03-17,REGULAR,Tadepalligudem,Odisha,West
457,Chameli Loke,rattiekanta@example.com,2025-09-06,VIP,Ahmedabad,Uttar Pradesh,South
458,Fitan Majumdar,ishani29@example.org,2026-03-19,PREMIUM,Ludhiana,West Bengal,West
459,Oscar Goswami,fsrinivas@example.org,2026-06-21,REGULAR,Bardhaman,Madhya Pradesh,North
460,Ekapad Jaggi,aptetanvi@example.net,2023-10-07,VIP,Amroha,Sikkim,West
461,Vanya Chatterjee,upathak@example.com,2025-08-24,VIP,Buxar,Andhra Pradesh,North
462,Rajata Ahuja,ojassarmaexample.org,2024-08-11,PREMIUM,Dehri,Kerala,West
463,Charvi Rattan,simon36@example.net,2025-11-29,REGULAR,Kavali,West Bengal,South
464,Faras Magar,rachitchacko@example.net,2026-02-18,PREMIUM,Dhule,Uttar Pradesh,South
465,Gautam Divan,bassidev@example.net,2025-07-22,REGULAR,Kolkata,Tripura,North
466,Gavin Iyer,schanda@example.net,2025-12-25,VIP,Bharatpur,Madhya Pradesh,West
467,Amruta Nagi,fagate@example.net,2025-06-16,VIP,Bally,Gujarat,North
468,Finn Vora,ydara@example.net,2024-05-22,PREMIUM,Kirari Suleman Nagar,Tamil Nadu,North
469,Jatin Borah,mtiwari@example.com,2023-08-15,PREMIUM,Bilaspur,Telangana,South
470,Raagini Nagy,vyanjana14@example.net,2026-04-28,PREMIUM,Sirsa,Mizoram,East
471,Zashil Maharaj,finn99@example.com,2023-07-18,VIP,Vasai-Virar,Karnataka,North
472,Anjali Bail,rsom@example.net,2023-11-05,PREMIUM,Ramgarh,Andhra Pradesh,East
473,Jyoti Kale,falaktara@example.com,2024-12-18,VIP,Narasaraopet,Nagaland,South
474,Charan Shetty,kchaudhry@example.org,2025-10-29,REGULAR,Jabalpur,West Bengal,North
475,Ethan Nanda,gloke@example.com,2023-10-06,VIP,Bellary,Maharashtra,West
476,Anusha Jhaveri,lavanya46@example.net,2024-01-17,VIP,Kanpur,Mizoram,North
477,Ishaan Ramanathan,walifalguni@example.com,2025-06-29,PREMIUM,Madhyamgram,Himachal Pradesh,North
478,Tarak Gera,ahluwaliajalsa@example.com,2025-03-01,REGULAR,Bangalore,Maharashtra,South
479,Januja Joshi,joshidaniel@example.org,2023-08-03,VIP,Hajipur,Maharashtra,South
480,Zansi Bedi,aarav68@example.org,2024-01-22,VIP,Bhusawal,Meghalaya,West
481,Rachit Srivastava,mallumang@example.net,2024-07-12,VIP,Jamnagar,Odisha,West
482,Hiral Rout,hiral48@example.net,2024-12-08,REGULAR,Deoghar,Uttarakhand,South
483,Charan Prashad,nitara67@example.org,2026-03-05,PREMIUM,Nellore,Jharkhand,North
484,Zayan Dar,ganesandiya@example.net,2024-10-27,VIP,Ujjain,Uttarakhand,East
485,Christopher Cherian,ekansh32example.net,2024-03-08,VIP,Etawah,Gujarat,South
486,Ryan Sibal,jagvi25@example.net,2023-10-31,PREMIUM,Visakhapatnam,Rajasthan,East
487,Naksh Sahni,zansikalla@example.net,2024-08-28,REGULAR,Barasat,Madhya Pradesh,East
488,Hemal Hari,dadapahal@example.org,2023-12-08,VIP,Kulti,Telangana,West
489,Neel Gole,wazir48@example.org,2025-07-14,VIP,Latur,Uttarakhand,West
490,Barkha Tailor,owenparekh@example.org,2025-10-08,VIP,Amritsar,Nagaland,West
491,Dalaja Aggarwal,ekarajmukherjee@example.org,2023-08-16,PREMIUM,Amritsar,Manipur,South
492,Mitesh Bera,wsemexample.com,2025-08-13,PREMIUM,Patiala,Chhattisgarh,West
493,Parth Mall,chatterjeesiddharth@example.net,2026-07-10,PREMIUM,Dindigul,Telangana,North
494,Tamanna Sant,baghyawatihayre@example.org,2023-07-19,REGULAR,Amaravati,Himachal Pradesh,West
495,Abdul Dhaliwal,sarrafmeghana@example.org,2025-02-27,REGULAR,Aizawl,Tripura,North
496,Dalaja Bhargava,dugardamyanti@example.net,2025-08-24,PREMIUM,Mango,Meghalaya,North
497,Urmi Palla,lbhalla@example.org,2026-06-23,PREMIUM,Warangal,Rajasthan,East
498,Yatin Samra,arunimachoudhry@example.com,2024-10-03,REGULAR,Nagaon,Uttarakhand,South
499,Baghyawati Sarin,ekbal17@example.net,2025-12-24,PREMIUM,Jehanabad,Chhattisgarh,West
500,Saksham Lal,pantadvik@example.net,2026-03-01,REGULAR,Machilipatnam,Tamil Nadu,East
31,Vanya Pant,reyanshrastogi@example.net,2025-08-30,PREMIUM,Morena,Punjab,West
325,Champak Tata,praneelramesh@example.org,2024-06-01,VIP,Sangli-Miraj & Kupwad,Meghalaya,West
404,Rohan Gara,jainaryan@example.net,2025-12-31,REGULAR,Nagaon,Odisha,East
272,Vritti Sane,baghyawatinarasimhan@example.com,2024-04-20,VIP,Salem,Meghalaya,West
200,Vanya Dey,yadavtheodore@example.net,2024-11-01,PREMIUM,Maheshtala,Mizoram,West
59,Ekiya Vaidya,chatresh93@example.com,2024-05-27,REGULAR,Bally,Tamil Nadu,North
315,Shivansh Dhillon,darikaagateexample.org,2024-03-11,REGULAR,Dehri,Madhya Pradesh,North
77,Andrew Kade,vedasaran@example.org,2026-01-05,REGULAR,South Dumdum,Himachal Pradesh,North
146,William Chand,abasu@example.net,2025-05-30,REGULAR,Dhanbad,Assam,East
424,Charvi Dhar,wriddhish04@example.net,2026-05-27,REGULAR,Vijayawada,Bihar,South
