item_id,order_id,product_id,quantity,unit_price,discount_percent
1,1,107,3,1547.14,49.48
2,1,203,3,4188.07,47.02
3,1,116,1,3475.51,40.35
4,2,236,1,841.5,32.82
5,2,76,3,1681.15,7.58
6,2,194,2,3592.92,26.51
7,2,6,1,2881.62,27.95
8,2,90,2,4100.78,44.78
9,3,147,4,2128.69,43.28
10,3,230,2,3203.93,38.76
11,3,92,1,3227.69,24.53
12,3,145,1,1580.93,13.76
13,4,182,1,1345.63,30.94
14,4,257,4,424.88,25.45
15,4,153,1,4961.73,0.78
16,4,277,2,2886.56,23.59
17,4,293,5,1057.66,5.62
18,5,285,1,1921.55,28.54
19,5,113,4,3195.48,18.3
20,5,60,4,1580.73,48.69
21,6,85,2,3872.87,33.7
22,6,274,3,4707.67,20.72
23,7,20,3,2918.53,26.41
24,7,176,5,2626.91,14.46
25,7,288,3,3678.99,1.33
26,7,176,4,1347.37,7.44
27,8,252,4,3564.05,2.46
28,8,111,3,3608.28,49.23
29,8,203,5,3011.62,24.61
30,8,277,5,4070.21,20.03
31,9,230,5,1390.27,30.01
32,9,248,3,4401.81,45.73
33,10,126,4,1637.15,1.44
34,11,49,1,4215.36,13.77
35,11,32,4,1740.86,12.52
36,11,33,5,3382.69,35.22
37,11,278,1,978.84,16.29
38,12,130,2,1903.4,19.43
39,12,299,2,2938.04,32.71
40,12,279,2,3867.91,42.99
41,12,19,5,4775.18,34.31
42,13,39,1,415.3,19.38
43,13,185,4,1510.55,32.76
44,13,94,5,2756.72,43.01
45,13,222,1,761.01,30.14
46,14,262,3,4316.32,14.92
47,15,47,3,3030.35,0.59
48,15,164,2,3001.66,24.63
49,15,219,5,2611.51,21.37
50,16,129,2,3854.4,19.51
51,16,41,1,467.99,1.41
52,16,254,4,1680.16,19.73
53,16,238,1,743.6,14.94
54,16,298,2,1990.22,46.44
55,17,259,2,1444.8,4.7
56,17,92,5,1234.85,34.02
57,17,176,3,2991.77,0.04
58,18,216,5,2953.83,25.55
59,18,158,2,2784.61,1.79
60,18,98,1,3597.88,28.55
61,19,198,3,4671.57,6.4
62,19,269,4,3000.45,18.45
63,19,117,4,4431.58,2.17
64,19,19,5,1125.91,32.01
65,19,28,1,3599.56,22.34
66,20,172,2,3525.05,36.99
67,20,224,3,4860.02,18.97
68,20,55,1,4028.39,16.26
69,20,18,3,306.82,3.72
70,21,268,3,2849.84,16.84
71,21,170,1,1904.97,37.45
72,21,98,5,4867.93,35.2
73,21,299,3,2554.52,20.64
74,22,181,3,1285.37,31.39
75,23,135,1,568.86,16.32
76,23,268,4,468.76,16.52
77,23,40,4,629.64,13.12
78,23,171,5,2775.89,10.05
79,24,41,3,3614.9,18.25
80,24,173,5,4266.09,32.23
81,25,143,3,1268.36,23.79
82,25,166,3,931.51,11.74
83,25,2,1,4665.66,26.93
84,26,185,2,1869.36,49.76
85,26,290,3,3443.53,39.3
86,27,176,4,3259.22,15.77
87,27,232,2,993.84,26.69
88,28,12,4,221.26,15.66
89,28,274,4,4444.6,1.69
90,29,290,2,4048.48,15.65
91,29,211,2,2479.14,21.99
92,29,116,3,3296.92,8.07
93,30,186,3,2808.56,37.55
94,30,85,1,4835.76,0.04
95,31,6,5,2338.6,36.18
96,31,138,2,4655.35,41.72
97,32,214,3,2536.01,37.41
98,33,51,1,287.22,1.57
99,33,8,2,3461.69,25.61
100,33,65,2,1084.8,30.11
101,33,152,1,492.3,28.53
102,34,58,3,3197.69,38.27
103,35,188,5,1737.62,41.2
104,35,98,3,2958.42,10.63
105,36,98,4,2215.74,32.64
106,37,91,2,1844.74,4.86
107,37,2,5,1657.61,19.87
108,37,11,3,2315.46,10.05
109,38,93,3,2508.08,5.71
110,38,222,1,3363.83,47.24
111,38,68,2,3357.57,39.33
112,38,163,2,4589.33,100.0
113,38,200,4,1800.62,15.69
114,39,25,5,3854.31,19.97
115,39,176,3,4174.22,3.38
116,39,3,1,4149.18,40.59
117,39,194,4,3719.46,41.81
118,40,268,3,1246.27,47.97
119,40,192,3,4849.43,22.29
120,40,187,1,2973.55,26.64
121,40,166,5,4739.09,17.31
122,40,69,2,1486.29,5.34
123,41,70,2,4304.48,33.55
124,41,292,1,4666.18,9.05
125,41,208,3,4630.98,28.15
126,41,26,4,3843.62,48.38
127,41,37,1,1489.79,47.26
128,42,71,4,2743.78,16.21
129,42,92,5,1703.41,100.0
130,42,115,3,1890.93,14.8
131,42,118,1,4375.56,35.2
132,43,48,1,4194.41,32.8
133,43,257,5,4426.19,0.15
134,43,14,1,2888.79,0.09
135,44,15,1,4087.54,4.71
136,44,242,2,3037.04,36.78
137,45,230,5,4483.16,13.02
138,45,128,5,3469.17,31.36
139,45,267,2,3090.79,100.0
140,45,251,4,2650.86,35.17
141,45,190,1,1313.77,26.91
142,46,220,2,1020.92,9.74
143,47,22,2,399.5,37.39
144,47,183,2,3869.21,49.32
145,47,113,1,2987.48,100.0
146,47,15,5,1602.09,17.76
147,47,272,2,3651.25,41.35
148,1500,221,1,2234.51,18.84
149,48,8,3,2257.27,22.7
150,48,236,5,758.48,12.32
151,49,148,5,2888.32,19.19
152,49,108,3,1670.31,11.01
153,50,245,1,4322.89,30.45
154,50,131,2,1480.02,16.43
155,50,92,5,4856.53,42.59
156,50,262,4,4032.68,35.15
157,51,43,4,248.89,42.0
158,52,55,5,4107.35,33.67
159,53,294,2,4758.43,100.0
160,53,144,4,2828.04,43.21
161,53,199,5,399.28,44.02
162,54,298,4,4053.04,13.79
163,54,152,3,1403.14,37.01
164,55,71,4,4680.56,45.34
165,55,33,1,412.87,13.39
166,55,259,2,4858.14,22.28
167,55,119,4,2339.45,19.35
168,56,59,1,3538.67,9.12
169,57,43,3,2849.27,28.0
170,57,125,5,1144.73,29.76
171,57,193,1,3073.88,20.2
172,58,82,1,3765.47,30.66
173,58,226,1,388.94,7.78
174,58,177,1,4186.84,30.91
175,58,98,5,3455.66,19.24
176,58,218,4,1993.55,32.31
177,59,108,5,869.91,45.4
178,59,94,1,2644.67,35.78
179,59,103,1,582.35,41.54
180,59,72,4,684.84,29.29
181,60,184,5,4195.51,45.99
182,60,54,4,1767.17,9.13
183,60,113,5,4551.85,46.62
184,61,230,4,2077.08,43.53
185,61,130,4,1659.33,35.65
186,61,178,3,4451.36,28.73
187,61,213,1,2483.65,5.0
188,61,40,4,1244.68,35.81
189,62,43,4,3361.2,48.64
190,62,116,1,2916.18,46.52
191,62,177,3,258.42,34.91
192,63,260,4,4952.01,21.8
193,63,32,4,3878.58,33.4
194,63,37,3,752.89,6.69
195,63,5,4,3058.63,2.12
196,64,192,5,3262.87,18.62
197,64,205,2,3335.95,44.61
198,64,161,1,2885.95,21.83
199,64,1,3,2273.64,32.32
200,64,23,1,2322.07,27.8
201,65,282,4,4467.87,38.48
202,66,141,2,4666.75,7.66
203,66,212,5,1056.66,26.0
204,67,121,5,4805.31,41.13
205,68,160,3,925.33,31.27
206,69,213,2,667.89,37.86
207,69,76,1,4704.21,36.99
208,70,110,4,2392.08,33.78
209,70,93,5,1808.94,11.27
210,70,198,3,4442.1,10.34
211,71,212,5,4859.34,4.9
212,72,24,4,4906.29,34.69
213,72,215,3,3752.03,19.42
214,72,247,4,457.62,7.61
215,72,211,2,2619.8,7.39
216,72,14,5,2937.57,17.45
217,73,193,1,2160.06,36.63
218,73,78,1,1092.84,5.5
219,73,300,5,2044.52,9.96
220,73,289,5,3555.48,1.5
221,73,186,4,4256.37,44.93
222,74,170,5,1640.34,22.69
223,74,238,2,4230.39,15.28
224,74,198,3,2548.32,25.56
225,74,91,1,3507.14,45.37
226,75,287,4,2542.68,35.18
227,75,245,1,3471.7,47.19
228,75,24,2,4587.97,6.04
229,75,274,5,3988.75,40.72
230,75,60,1,4477.02,23.04
231,76,123,2,1395.13,42.69
232,77,270,1,1623.62,38.86
233,77,101,1,2196.59,39.25
234,77,254,5,3763.41,47.92
235,78,2,4,3307.45,16.62
236,79,254,5,1391.62,26.69
237,79,29,4,2257.44,1.86
238,79,240,1,4732.78,4.56
239,79,134,2,2426.56,22.0
240,79,161,1,4056.16,36.76
241,80,205,2,341.46,22.93
242,80,140,2,2736.6,30.19
243,80,287,4,1677.11,37.21
244,80,24,4,2383.98,22.07
245,80,174,1,2136.64,11.84
246,81,127,1,2994.37,48.11
247,81,144,3,3545.11,24.68
248,81,214,4,2172.09,33.86
249,81,17,4,3489.68,21.79
250,82,65,2,1483.68,15.84
251,83,74,5,3730.35,34.22
252,83,201,4,4313.81,30.48
253,83,81,1,4547.35,10.75
254,83,15,1,2559.23,4.03
255,83,96,4,279.18,33.42
256,84,83,3,2028.9,41.22
257,84,135,1,3828.4,28.89
258,84,83,1,2406.63,43.04
259,85,80,4,1392.42,15.98
260,85,57,2,2530.2,3.66
261,86,234,2,274.85,26.33
262,86,98,5,4120.59,32.94
263,86,159,2,292.12,31.73
264,86,9,2,3697.78,27.37
265,87,5,3,1736.45,46.9
266,88,126,5,2148.53,44.11
267,88,76,2,2910.99,0.53
268,89,193,2,3419.12,8.02
269,90,9,2,1469.51,26.6
270,90,199,4,3362.25,40.6
271,90,241,2,2347.88,1.97
272,90,164,1,764.63,47.27
273,91,253,3,4052.49,44.43
274,91,269,4,3049.4,45.87
275,91,187,2,1686.88,27.45
276,92,117,1,3166.56,27.72
277,93,49,4,935.67,29.74
278,93,12,5,3757.26,46.99
279,93,50,5,1478.81,39.63
280,93,242,5,3925.81,12.19
281,94,77,4,4954.06,33.6
282,94,154,1,4345.09,41.83
283,94,37,1,1225.89,8.74
284,95,200,1,1005.0,28.17
285,95,208,1,2126.96,23.5
286,95,25,2,2985.64,40.39
287,95,234,1,1002.28,0.42
288,95,284,4,4170.95,16.29
289,96,137,1,4006.78,42.34
290,97,167,2,4421.51,42.64
291,97,144,2,350.28,29.14
292,97,217,1,2342.26,26.72
293,98,234,3,4957.88,20.84
294,98,162,4,2738.67,18.05
295,98,204,5,4070.33,12.91
296,98,34,5,429.38,20.27
297,98,50,2,4524.62,23.28
298,99,11,1,2017.12,44.42
299,99,106,1,366.17,4.76
300,99,165,5,1214.04,46.71
301,100,63,5,1329.47,11.77
302,100,11,2,3065.42,12.16
303,100,258,5,1493.65,24.3
304,100,84,2,1371.41,28.53
305,100,198,2,1286.73,0.43
306,101,124,1,3923.29,11.15
307,101,281,4,3804.38,6.52
308,101,15,3,1649.87,8.54
309,101,211,1,583.11,1.93
310,101,93,4,986.62,30.14
311,102,142,1,3024.92,44.4
312,102,26,2,1163.2,12.2
313,102,159,4,1732.64,15.24
314,102,291,4,4965.93,33.9
315,103,172,2,3815.72,16.48
316,103,66,2,3620.42,30.47
317,103,42,2,1991.44,29.04
318,103,17,2,1011.82,42.4
319,104,90,2,1080.39,8.8
320,104,110,2,3229.69,3.92
321,104,265,5,1533.59,13.95
322,104,161,4,1185.96,28.07
323,104,7,2,1340.92,26.89
324,105,219,2,1005.44,4.89
325,105,46,4,2916.18,25.01
326,106,284,2,765.71,29.03
327,106,134,5,1279.44,11.94
328,106,106,4,1620.8,18.71
329,107,55,3,459.98,100.0
330,107,20,5,1054.73,27.58
331,107,95,5,4650.15,9.16
332,108,11,5,1874.61,37.75
333,109,98,4,3465.46,32.1
334,110,228,1,923.79,25.45
335,110,92,3,4937.23,0.8
336,110,67,2,4652.06,32.96
337,110,46,1,1940.02,12.44
338,111,143,5,2284.86,17.05
339,111,18,5,3399.98,11.49
340,111,273,3,1424.9,22.44
341,112,161,2,3635.8,28.25
342,112,197,2,4302.42,41.76
343,112,79,3,2723.53,16.24
344,113,114,4,1594.71,18.79
345,113,226,3,3098.25,10.48
346,114,294,3,3599.59,0.63
347,114,124,5,1691.24,41.36
348,114,199,1,2914.48,6.54
349,115,58,2,2086.25,3.69
350,115,193,1,3268.22,4.14
351,115,48,3,415.02,12.57
352,116,287,3,2166.78,1.62
353,116,89,2,359.95,15.98
354,116,284,5,753.96,26.46
355,116,298,2,3733.06,9.34
356,117,201,4,2779.66,11.66
357,117,181,5,2523.47,38.52
358,117,263,2,1109.93,19.47
359,117,126,3,1031.36,40.24
360,117,235,3,3997.13,41.58
361,118,111,5,1226.29,14.5
362,118,33,1,3787.88,47.79
363,119,26,1,240.45,19.27
364,119,13,5,717.91,19.39
365,119,253,4,282.43,6.42
366,119,237,5,2506.38,49.35
367,119,95,2,3289.78,5.98
368,120,23,1,3463.26,31.41
369,120,175,2,1579.43,31.0
370,120,17,1,302.93,22.68
371,120,137,4,933.79,36.52
372,121,130,3,2850.22,16.6
373,121,161,2,3702.27,14.75
374,121,295,2,773.62,31.82
375,122,92,3,3329.61,25.28
376,122,25,1,1363.34,48.66
377,122,100,2,4534.27,18.7
378,122,107,4,4018.51,42.7
379,1500,4,4,662.95,40.34
380,123,226,4,1854.68,42.62
381,124,100,2,1384.01,16.61
382,124,91,3,2207.12,37.03
383,124,43,1,3129.45,29.69
384,124,257,3,4733.48,35.98
385,124,2,1,204.91,17.35
386,125,169,2,491.73,7.13
387,125,47,3,2644.91,0.51
388,125,49,5,1228.69,35.29
389,125,72,5,3422.81,27.66
390,126,267,5,1865.44,27.11
391,126,175,2,2211.13,19.53
392,126,172,5,1602.67,13.43
393,126,188,2,1941.45,23.19
394,127,206,5,4581.48,26.87
395,127,209,2,420.54,19.67
396,128,44,5,3218.65,47.25
397,128,141,2,1114.05,17.3
398,128,41,2,2111.72,3.72
399,128,120,2,754.19,10.37
400,128,41,1,2679.0,3.6
401,129,217,1,2363.06,32.65
402,129,10,4,1544.55,2.02
403,129,49,3,2204.26,37.34
404,129,62,1,970.53,9.32
405,130,40,5,1575.38,16.33
406,130,253,5,4174.57,47.69
407,130,278,5,638.22,26.04
408,131,237,5,1032.8,9.89
409,131,137,2,2551.83,29.39
410,131,111,3,1982.49,35.62
411,131,96,5,4713.45,48.01
412,131,13,4,2899.85,29.47
413,132,75,4,1321.33,10.66
414,132,47,4,3806.64,29.07
415,132,67,2,2875.64,40.24
416,133,207,3,3393.58,3.92
417,133,2,4,255.17,30.81
418,133,30,5,1804.46,9.97
419,134,12,2,4297.69,29.25
420,134,137,2,2833.47,0.89
421,134,203,2,4759.28,3.59
422,134,233,3,1105.54,20.0
423,134,240,3,2416.13,42.84
424,135,246,5,1136.64,36.12
425,136,174,1,3215.04,23.51
426,137,233,5,2714.59,31.87
427,138,230,5,1712.67,42.01
428,138,172,1,2048.5,18.84
429,138,101,3,389.81,12.2
430,138,173,2,2960.73,26.59
431,139,170,3,3511.07,14.92
432,139,217,2,2592.73,42.2
433,140,218,4,2720.94,28.59
434,140,24,3,1172.1,9.2
435,140,189,1,813.48,22.04
436,141,255,1,1724.34,44.32
437,142,4,3,4208.67,19.86
438,142,9,5,2898.19,20.97
439,142,55,1,936.33,49.96
440,143,58,4,2759.49,16.47
441,143,127,3,3106.7,11.89
442,144,224,2,4521.13,7.51
443,144,12,2,1765.7,15.01
444,145,235,3,1457.88,41.16
445,146,1,2,264.78,31.87
446,146,276,1,1236.24,2.57
447,146,255,1,4190.16,18.07
448,146,175,1,3560.11,47.9
449,146,195,2,2843.46,33.47
450,147,248,1,4278.1,2.49
451,147,77,4,2669.31,3.85
452,147,38,5,3798.35,25.87
453,148,96,4,1790.19,45.83
454,149,258,2,3449.23,9.27
455,149,207,2,3239.34,1.5
456,149,107,5,2588.51,12.32
457,150,139,2,4560.21,2.52
458,150,51,2,4252.14,20.69
459,151,204,2,241.61,1.4
460,152,57,3,212.58,26.49
461,152,50,4,4937.3,7.86
462,153,282,5,3683.71,1.9
463,153,25,1,1126.53,9.53
464,154,226,4,977.55,1.46
465,154,143,2,4700.05,8.6
466,1500,102,4,3160.71,12.67
467,154,108,4,540.59,42.41
468,155,293,3,1841.09,15.88
469,155,206,2,4676.64,21.5
470,155,98,2,4588.13,26.52
471,155,40,2,1315.1,31.43
472,155,28,1,455.23,33.07
473,156,215,5,495.54,100.0
474,156,260,5,1567.46,3.68
475,156,51,4,4932.91,16.82
476,156,59,4,3577.02,12.09
477,157,34,4,1394.79,34.75
478,157,227,5,1993.7,41.9
479,157,129,3,3935.56,24.42
480,158,62,1,3549.08,7.79
481,158,163,5,2326.1,27.86
482,158,46,3,575.6,27.77
483,158,130,2,660.61,28.99
484,158,273,3,3913.24,4.7
485,159,120,2,919.65,27.0
486,159,89,1,4268.5,3.38
487,159,204,1,2985.61,18.12
488,159,166,3,348.86,44.59
489,159,264,5,1189.77,11.48
490,160,8,3,4829.37,14.38
491,160,181,5,3185.53,17.24
492,160,226,5,3817.05,0.38
493,161,84,4,2185.29,4.22
494,161,3,2,732.32,8.37
495,162,249,5,2287.17,28.8
496,162,55,2,943.93,23.33
497,163,12,2,613.54,47.94
498,164,45,5,506.73,41.17
499,164,281,5,4186.61,19.49
500,165,110,3,2869.35,7.32
501,165,219,5,3358.01,16.07
502,165,4,3,3375.72,36.43
503,165,177,3,4714.81,33.79
504,165,97,1,3102.1,29.78
505,166,51,2,3639.81,32.86
506,167,157,3,2400.02,17.79
507,167,220,2,3733.72,10.72
508,167,250,2,1967.49,21.56
509,167,204,1,3766.22,22.45
510,167,120,4,2971.75,12.95
511,168,57,5,1797.07,33.77
512,1500,236,2,3277.78,47.11
513,168,80,4,3903.34,27.77
514,168,295,2,1677.08,39.23
515,168,208,2,2320.35,41.95
516,169,120,4,2282.18,41.05
517,169,76,3,2390.32,34.02
518,169,110,3,1988.04,22.53
519,169,21,5,4847.52,39.04
520,169,220,1,3877.69,17.05
521,170,223,2,2615.38,17.42
522,170,292,5,3522.54,41.28
523,170,157,5,3491.05,35.95
524,171,183,3,1754.41,49.07
525,171,298,5,2337.23,7.32
526,172,55,1,462.88,48.8
527,172,89,2,4188.63,24.55
528,173,50,3,1219.74,48.56
529,173,202,3,287.52,44.79
530,173,195,4,1654.57,100.0
531,173,256,3,1344.98,38.24
532,173,28,2,3098.43,9.27
533,174,46,1,1720.1,22.89
534,174,114,5,639.37,33.89
535,174,48,3,4542.7,10.63
536,174,122,3,2194.67,20.83
537,174,186,2,2339.45,6.4
538,175,22,2,4357.63,42.02
539,175,30,4,4279.29,1.36
540,175,255,1,4327.01,11.71
541,175,146,2,2656.82,19.38
542,176,105,4,831.73,43.53
543,176,130,3,4112.12,19.74
544,176,156,4,210.41,14.95
545,176,145,4,1427.93,8.0
546,176,65,4,4097.82,49.83
547,177,93,1,3152.91,30.61
548,177,280,1,3619.2,21.02
549,178,220,5,1206.53,45.23
550,178,157,2,1757.01,33.01
551,178,273,2,2123.57,11.43
552,179,23,3,3046.9,9.99
553,179,82,5,2511.15,45.72
554,180,218,5,777.47,23.22
555,180,81,2,3558.34,10.9
556,180,75,4,2042.75,35.81
557,180,93,5,2489.61,25.63
558,181,90,5,498.72,33.9
559,181,227,3,4448.86,1.53
560,181,5,5,3727.76,48.47
561,182,93,1,1929.01,18.33
562,182,292,3,4392.35,25.05
563,182,61,1,820.96,37.14
564,182,231,5,3860.33,42.97
565,182,61,2,2354.35,29.69
566,183,204,4,2214.64,29.23
567,183,261,4,1088.85,45.82
568,183,251,1,3543.39,30.45
569,183,138,2,1540.17,11.89
570,183,14,2,1746.05,33.95
571,184,124,5,4142.83,41.8
572,184,253,4,4708.71,45.18
573,185,296,5,4439.62,38.4
574,186,236,5,4580.4,12.64
575,187,298,4,4709.21,29.81
576,187,222,2,3470.18,36.45
577,188,78,5,1898.52,18.13
578,188,157,1,471.47,12.26
579,188,209,4,1514.96,32.73
580,188,29,5,4005.82,27.85
581,188,9,1,4080.97,23.76
582,189,101,2,4450.79,49.86
583,189,145,5,639.66,37.45
584,189,118,2,4860.66,100.0
585,189,139,3,3501.08,41.83
586,189,26,5,200.91,22.2
587,190,92,2,4217.15,40.66
588,190,33,2,1239.01,41.94
589,191,212,3,2511.93,23.58
590,191,77,4,4807.18,5.35
591,192,25,1,4447.25,21.8
592,192,37,5,1210.9,37.17
593,192,281,5,2346.0,9.8
594,193,219,5,4333.89,0.11
595,193,298,2,333.07,14.83
596,193,210,5,3376.87,14.34
597,193,26,5,3889.96,49.37
598,194,60,5,249.17,39.36
599,194,97,1,4218.11,33.99
600,194,29,2,2263.76,25.53
601,194,251,1,3640.9,45.3
602,194,170,2,4070.85,47.39
603,195,115,5,4142.25,29.95
604,196,278,2,1042.22,16.43
605,196,265,5,4467.79,100.0
606,197,134,5,4851.89,11.57
607,197,158,2,3168.15,2.18
608,198,16,4,4671.19,4.94
609,198,115,5,3350.45,47.73
610,198,285,5,4721.21,7.72
611,199,295,5,2355.19,24.82
612,199,210,1,4458.67,9.69
613,199,128,3,1648.92,23.43
614,199,42,4,3010.22,2.32
615,200,81,1,2675.07,34.3
616,200,168,3,4364.69,29.67
617,200,84,4,4874.45,3.41
618,201,153,3,4508.82,27.93
619,201,123,2,562.33,33.0
620,202,179,1,2592.14,37.51
621,202,86,4,632.24,35.81
622,202,228,1,3533.14,40.06
623,1500,64,1,4981.43,18.45
624,203,190,4,4827.53,17.0
625,203,250,4,3230.87,49.04
626,203,161,1,2052.52,15.43
627,203,271,3,4054.38,7.98
628,204,101,4,3596.24,13.07
629,204,234,3,2230.61,0.26
630,204,287,2,279.65,20.84
631,204,151,4,1746.42,9.7
632,204,188,5,3741.45,16.65
633,205,118,5,3086.71,12.99
634,206,225,3,377.45,28.94
635,206,1,5,4780.7,4.69
636,206,296,5,1382.82,32.13
637,206,38,4,1790.48,29.04
638,206,123,3,599.56,14.19
639,207,238,4,3549.79,21.63
640,207,294,4,4274.62,47.79
641,207,186,4,2689.54,23.24
642,208,270,3,2919.46,34.72
643,209,26,2,4562.14,26.19
644,209,246,3,1802.04,30.31
645,210,236,2,4133.62,44.66
646,210,27,2,4171.65,4.6
647,211,55,3,2291.76,11.68
648,212,257,2,4118.15,47.37
649,212,174,4,2005.33,24.9
650,212,1,1,4844.64,14.17
651,213,86,5,2321.08,24.68
652,214,290,3,1341.73,3.25
653,214,88,1,3987.41,5.8
654,214,208,1,4604.84,38.28
655,214,80,2,3395.91,33.31
656,215,159,2,1612.02,36.12
657,216,20,4,967.81,45.79
658,216,131,5,2358.35,29.36
659,217,85,4,1049.28,21.88
660,217,173,5,2875.5,31.21
661,218,31,2,2335.12,37.66
662,218,20,4,1292.8,38.52
663,218,6,1,826.25,41.11
664,218,84,4,3432.52,9.82
665,219,146,1,1653.56,22.55
666,219,156,3,3953.38,41.29
667,220,138,1,1059.94,40.51
668,220,140,5,4781.36,30.74
669,220,285,1,1563.09,17.5
670,220,208,4,1631.1,9.84
671,221,12,5,2970.33,10.45
672,221,68,2,997.21,8.13
673,222,27,2,889.7,21.78
674,222,83,5,785.76,17.63
675,222,266,3,4683.2,1.8
676,222,237,3,4402.41,41.18
677,223,110,2,4060.9,27.43
678,223,237,4,414.08,6.31
679,223,53,1,3719.14,37.52
680,224,267,3,2676.95,24.81
681,224,102,2,886.11,24.73
682,224,292,3,3960.48,43.75
683,224,196,2,2150.19,9.44
684,225,221,2,1292.56,21.41
685,226,102,4,4193.49,30.89
686,226,195,5,1578.13,45.32
687,227,298,1,1995.25,2.41
688,227,86,1,1017.53,43.17
689,227,111,3,3535.81,1.29
690,228,92,3,3410.86,33.28
691,229,118,1,2712.89,3.99
692,230,28,3,2425.63,8.01
693,230,256,3,2750.46,42.95
694,230,115,4,1784.75,8.7
695,231,167,3,3484.5,32.09
696,231,195,3,2941.62,31.38
697,232,93,2,1891.65,5.11
698,232,80,5,4246.57,48.01
699,233,266,5,626.72,40.38
700,233,197,4,4595.54,45.43
701,233,288,3,1615.91,39.51
702,233,87,3,1614.02,100.0
703,233,88,3,732.24,31.04
704,234,122,5,210.05,8.65
705,235,147,4,2247.46,31.15
706,235,184,4,4590.08,7.5
707,235,35,1,4366.56,20.97
708,236,284,5,660.55,36.12
709,236,186,1,3017.34,1.26
710,237,108,2,1886.94,18.39
711,237,25,3,995.32,22.53
712,237,142,4,4634.97,8.64
713,237,47,2,2809.52,14.88
714,237,172,2,4160.7,40.26
715,238,186,3,817.15,45.86
716,238,290,1,3684.17,43.43
717,238,12,2,4925.31,34.12
718,238,95,4,1575.74,12.89
719,238,84,4,3517.16,15.6
720,239,7,4,1478.95,14.94
721,239,48,1,4231.93,17.57
722,239,149,2,4350.44,6.93
723,240,42,5,414.25,36.33
724,240,247,5,4993.43,14.94
725,240,93,1,2403.78,27.44
726,240,223,3,3969.23,39.95
727,240,144,3,3270.78,9.4
728,241,2,2,1528.28,38.66
729,241,124,2,4092.45,6.31
730,241,253,3,2937.75,29.59
731,242,116,1,1711.71,47.71
732,242,56,3,840.6,37.15
733,243,216,4,2521.89,42.65
734,243,140,2,3863.24,38.26
735,243,11,4,1568.96,29.56
736,243,60,5,4740.5,8.3
737,243,80,1,3980.66,22.09
738,244,104,1,919.96,7.76
739,244,114,5,3590.45,8.77
740,244,225,1,3543.31,15.95
741,244,159,3,2946.69,29.08
742,244,76,5,556.2,13.28
743,245,237,1,1058.98,41.95
744,246,19,2,1646.69,22.71
745,246,149,5,2512.26,36.82
746,246,250,3,2860.57,28.14
747,246,294,3,740.7,12.77
748,246,247,5,3794.84,28.06
749,247,58,4,384.5,38.5
750,247,47,1,3882.38,11.78
751,247,133,3,1025.13,5.3
752,247,50,2,3012.5,17.58
753,248,47,5,4610.42,38.54
754,248,54,2,2053.37,7.34
755,248,138,2,3609.87,19.93
756,248,17,5,3103.62,1.67
757,248,31,3,4755.67,22.02
758,249,203,4,4475.65,28.49
759,249,93,1,4690.5,20.49
760,249,35,2,2899.58,9.2
761,249,179,5,4862.39,37.07
762,249,91,5,2514.33,12.84
763,250,271,4,3239.31,36.21
764,251,156,2,357.12,37.99
765,252,47,3,2702.36,31.22
766,252,37,2,2112.73,30.17
767,252,148,3,3789.95,1.97
768,253,17,5,3184.68,47.08
769,253,118,5,2206.06,45.24
770,1500,141,1,4185.73,20.4
771,254,60,4,4658.37,30.63
772,254,272,3,4178.91,49.31
773,254,19,1,1500.84,7.24
774,254,239,5,1802.64,8.6
775,254,182,2,1095.15,35.01
776,255,214,5,433.84,42.35
777,256,222,4,331.91,39.84
778,257,290,1,4078.99,21.09
779,257,248,1,755.23,22.9
780,258,33,5,4967.32,13.06
781,258,77,1,3112.74,32.48
782,258,127,5,3793.4,25.74
783,258,153,4,1933.99,6.1
784,258,133,4,2895.75,39.67
785,259,216,1,2938.13,19.61
786,259,48,3,2847.49,28.83
787,260,261,3,734.78,4.9
788,260,75,5,1828.44,33.91
789,261,49,2,1362.6,34.86
790,261,120,5,690.76,17.62
791,261,206,5,2256.02,48.83
792,261,51,3,4978.95,36.96
793,262,288,1,3619.63,2.85
794,263,271,1,1635.69,40.09
795,1500,101,5,1230.99,22.38
796,263,254,5,2084.29,19.99
797,263,269,5,3328.44,21.79
798,264,44,3,1063.81,45.79
799,265,218,2,1499.84,25.22
800,266,78,2,1849.52,16.71
801,266,76,4,527.54,6.63
802,267,95,5,739.63,41.29
803,268,7,2,463.99,24.09
804,268,148,1,4307.38,36.95
805,269,14,2,430.65,46.75
806,270,235,5,2785.48,20.72
807,270,169,1,901.44,22.56
808,271,238,4,4894.6,47.15
809,271,141,3,3503.74,6.81
810,271,288,3,4066.64,40.89
811,271,293,2,4119.97,9.11
812,271,245,3,2187.0,38.02
813,272,259,1,3696.72,45.38
814,272,152,1,3899.6,9.45
815,273,128,3,3665.18,2.88
816,273,262,1,1916.9,27.62
817,273,108,1,4229.33,3.8
818,273,266,3,3611.57,30.99
819,274,22,1,4315.63,39.57
820,274,103,4,1202.99,15.18
821,274,135,3,3211.36,43.74
822,275,172,2,4390.72,7.22
823,276,93,3,4740.48,33.22
824,277,105,5,2741.19,30.06
825,277,236,4,3266.77,10.85
826,278,9,2,3421.75,27.8
827,278,111,5,347.48,7.92
828,278,191,2,2747.73,3.66
829,278,203,1,2323.37,14.23
830,279,267,4,575.53,1.2
831,279,42,1,4522.01,6.84
832,279,297,1,3221.59,37.3
833,279,2,5,3146.55,38.41
834,280,47,4,3421.86,2.7
835,280,188,5,3364.81,0.77
836,280,265,4,495.22,18.29
837,281,250,5,4345.06,20.13
838,281,210,2,1247.37,23.8
839,281,86,1,4196.0,6.0
840,282,98,2,1947.17,21.74
841,282,105,4,3482.17,4.32
842,282,2,2,4167.57,14.44
843,282,90,5,343.1,1.0
844,282,117,1,4432.2,2.83
845,283,36,4,848.21,21.0
846,283,103,1,2246.79,3.92
847,283,251,2,2359.06,35.5
848,283,246,5,2845.41,45.89
849,284,47,2,4205.51,5.06
850,285,17,4,4352.93,12.52
851,285,19,4,221.21,36.62
852,285,42,3,802.05,17.5
853,285,268,2,2016.57,32.35
854,285,289,4,4301.06,36.61
855,286,159,5,3921.84,32.53
856,286,56,4,2188.7,40.55
857,286,70,2,4897.42,40.44
858,286,74,4,3952.03,30.37
859,287,269,2,968.05,34.96
860,288,54,2,2795.22,16.59
861,288,63,1,1166.62,46.5
862,288,191,2,1701.49,39.89
863,288,132,3,1285.85,26.57
864,288,90,5,1426.46,38.43
865,289,67,1,2367.18,5.3
866,290,141,3,1893.02,21.9
867,291,136,4,2076.24,16.76
868,291,102,4,3948.44,46.08
869,291,118,2,1370.04,39.28
870,291,28,4,4334.76,32.07
871,292,264,2,2859.93,13.78
872,292,13,1,1354.27,33.81
873,292,202,1,4768.46,5.63
874,292,273,2,1354.77,21.86
875,293,131,1,521.78,24.32
876,293,229,3,3688.54,36.49
877,294,280,3,3498.58,39.86
878,294,155,1,4527.42,25.24
879,294,133,3,1629.72,7.34
880,294,181,3,3393.54,29.12
881,295,238,1,819.77,15.0
882,295,208,4,1170.57,48.49
883,295,236,5,3335.54,100.0
884,295,128,1,3202.18,6.37
885,296,121,3,1308.41,0.86
886,296,49,5,3198.21,45.86
887,296,77,2,2250.2,40.9
888,296,151,4,2530.0,49.0
889,296,101,2,1126.93,49.26
890,297,202,2,1271.98,33.68
891,297,109,4,1617.6,33.01
892,297,233,3,872.16,27.93
893,297,260,5,4387.29,46.69
894,297,15,5,454.35,44.28
895,298,80,4,2702.08,17.3
896,298,76,3,3781.88,16.32
897,298,80,5,299.56,36.99
898,298,96,1,2910.11,48.99
899,298,154,3,3698.32,18.24
900,299,300,2,426.46,7.18
901,299,278,4,2225.52,36.88
902,299,111,4,3408.09,18.42
903,299,198,1,3714.07,23.42
904,300,221,3,585.64,49.28
905,300,111,2,4351.54,35.06
906,1500,177,2,3221.25,2.5
907,301,158,4,2240.99,8.95
908,302,128,2,2190.17,27.14
909,302,36,4,1981.44,48.14
910,303,14,2,3894.8,39.79
911,303,163,1,4081.74,49.78
912,303,118,2,2289.75,20.98
913,303,188,4,3308.4,49.52
914,303,230,3,1599.05,20.4
915,304,6,4,1911.85,48.93
916,305,69,3,2750.17,34.93
917,305,178,4,2527.58,40.5
918,305,49,1,2112.53,8.03
919,306,272,3,3835.29,48.77
920,306,238,4,3749.5,43.05
921,306,120,2,680.16,12.9
922,307,189,3,2880.15,28.17
923,307,1,3,813.04,6.57
924,307,5,3,1418.83,17.09
925,307,232,1,1053.68,16.34
926,307,286,3,3420.25,20.54
927,308,51,1,1317.68,22.04
928,308,153,3,4794.41,2.1
929,308,224,2,3451.22,9.24
930,308,59,4,674.05,18.74
931,309,298,1,1947.97,36.11
932,309,300,2,2892.72,31.74
933,309,35,5,4020.7,34.39
934,309,75,2,2251.89,16.88
935,310,267,3,2482.66,36.33
936,310,172,1,4258.72,30.5
937,311,131,4,1182.8,2.12
938,311,126,1,1015.1,33.45
939,311,254,5,800.09,100.0
940,311,286,3,2178.97,19.77
941,312,129,5,1920.52,3.06
942,313,13,1,2327.7,2.49
943,313,170,4,4349.26,15.99
944,314,38,5,1014.48,24.59
945,315,27,1,4759.04,30.04
946,315,291,4,4120.93,24.07
947,316,43,1,4188.75,44.26
948,316,246,4,3575.86,18.86
949,316,155,3,4812.99,40.01
950,316,282,2,568.8,48.72
951,316,57,1,3173.43,17.43
952,317,49,2,3323.81,4.06
953,317,256,4,4426.13,28.69
954,1500,29,3,1873.73,0.86
955,318,222,2,3708.85,5.6
956,318,68,4,4859.31,41.66
957,319,79,4,4600.98,49.19
958,320,82,2,1253.41,39.16
959,320,191,3,4057.59,7.02
960,321,191,3,2459.43,37.13
961,321,60,3,728.26,9.35
962,321,199,4,363.18,30.9
963,321,298,4,4099.41,28.29
964,321,106,2,2700.14,26.03
965,322,66,5,2964.6,7.21
966,322,172,1,947.22,20.12
967,322,76,2,2685.63,32.78
968,322,271,4,3560.41,19.38
969,323,201,2,1365.78,26.44
970,323,280,2,4679.35,15.1
971,324,251,4,1250.95,17.27
972,324,146,2,276.28,23.3
973,324,165,1,877.0,18.86
974,325,63,2,1996.68,4.3
975,325,48,2,3735.9,23.83
976,325,134,1,4005.8,8.36
977,325,41,2,4530.24,37.62
978,326,32,2,296.56,5.77
979,326,202,4,3655.6,25.05
980,326,297,2,3642.53,38.0
981,326,206,3,2949.28,100.0
982,327,74,1,4197.98,14.42
983,327,230,3,3169.58,37.22
984,327,204,3,3873.75,40.68
985,328,48,2,3692.96,17.32
986,328,20,2,4350.08,25.82
987,328,24,3,1410.96,12.08
988,328,256,3,1804.86,22.2
989,328,108,3,553.24,29.53
990,329,33,1,600.01,3.78
991,330,288,5,1969.84,26.34
992,330,236,3,1439.72,14.32
993,331,32,2,2213.75,48.64
994,331,34,2,205.97,28.89
995,331,169,5,3850.35,17.31
996,331,225,2,2327.0,31.17
997,331,106,4,377.06,3.74
998,332,222,1,2583.63,12.96
999,332,250,5,1867.53,100.0
1000,333,239,2,3008.67,12.04
1001,334,235,4,3404.25,45.94
1002,334,56,5,2814.29,26.81
1003,335,231,5,1022.63,11.71
1004,335,143,5,247.79,37.19
1005,335,27,3,3536.44,22.84
1006,336,32,5,3588.87,2.72
1007,337,101,4,833.69,100.0
1008,337,204,3,3926.57,16.88
1009,337,92,3,2395.89,7.88
1010,338,269,2,2419.52,9.35
1011,339,202,5,1019.39,11.88
1012,339,216,3,4191.76,4.17
1013,339,101,2,4776.39,10.36
1014,340,297,1,3289.03,8.55
1015,341,58,4,2712.1,37.26
1016,341,24,3,2317.82,11.86
1017,341,250,3,2806.19,24.88
1018,342,178,3,2009.97,46.94
1019,342,87,1,1774.62,4.99
1020,342,101,4,1196.1,15.91
1021,342,40,4,4461.49,28.61
1022,343,17,2,4737.34,25.41
1023,344,152,5,3273.51,27.17
1024,344,274,3,698.28,43.69
1025,344,277,2,468.85,36.65
1026,345,93,2,2163.1,12.72
1027,345,96,5,3223.51,3.61
1028,345,279,1,647.59,12.16
1029,345,112,1,3749.69,5.56
1030,345,160,3,4218.74,49.36
1031,346,214,5,617.29,9.07
1032,346,72,4,3291.22,35.35
1033,346,151,2,794.99,35.6
1034,347,44,4,3091.6,17.98
1035,347,131,5,2201.6,10.96
1036,347,257,5,1725.82,10.15
1037,347,288,3,4805.19,45.41
1038,348,210,3,2485.8,11.01
1039,348,55,4,2037.05,100.0
1040,349,54,2,3103.42,37.21
1041,349,101,2,4027.54,30.28
1042,350,197,4,757.66,7.59
1043,350,294,4,1452.87,24.88
1044,350,16,4,3066.75,21.37
1045,351,89,1,1630.79,46.38
1046,351,60,5,1425.8,1.5
1047,352,27,4,1608.41,36.49
1048,353,147,4,4857.25,39.03
1049,353,97,3,4569.89,100.0
1050,354,220,2,819.66,49.65
1051,354,252,3,1099.47,43.34
1052,354,19,3,1217.92,29.6
1053,355,155,2,4736.25,12.97
1054,355,124,2,1482.48,44.38
1055,355,195,5,2776.58,33.16
1056,355,137,1,4119.23,25.28
1057,356,33,3,1436.24,12.38
1058,356,36,3,4261.94,48.69
1059,357,185,3,4777.4,10.72
1060,357,63,4,1971.64,39.33
1061,357,126,5,4507.42,29.54
1062,358,248,3,2810.14,41.33
1063,358,145,2,1370.27,40.74
1064,358,248,4,2171.41,30.5
1065,359,241,2,741.54,43.36
1066,359,191,3,1691.5,23.94
1067,359,10,2,1804.55,10.71
1068,359,199,4,1572.46,23.74
1069,359,94,3,1095.5,22.51
1070,360,130,1,4911.96,30.79
1071,360,90,3,4409.5,45.56
1072,360,100,3,543.0,8.6
1073,360,39,4,3277.2,40.69
1074,360,118,3,424.21,14.72
1075,361,221,4,3012.37,8.55
1076,361,135,5,1125.27,21.28
1077,361,182,5,3260.13,18.4
1078,361,245,1,561.97,21.12
1079,362,238,1,828.16,4.82
1080,362,192,3,2211.2,43.59
1081,362,137,4,910.81,10.69
1082,362,133,5,1627.32,24.14
1083,363,7,3,538.98,48.7
1084,364,43,4,1953.81,49.43
1085,364,25,3,3207.45,23.27
1086,364,275,3,4123.76,12.33
1087,364,7,3,2162.89,24.97
1088,364,54,4,2294.01,41.76
1089,365,215,1,579.34,2.66
1090,365,97,4,1746.2,44.04
1091,365,111,1,3650.94,8.01
1092,365,26,5,1359.75,19.43
1093,365,24,5,2275.35,12.25
1094,366,220,3,2621.93,48.84
1095,367,96,1,1597.91,38.03
1096,368,27,2,1533.52,11.38
1097,369,52,1,2062.29,42.64
1098,369,83,2,2452.22,39.1
1099,369,167,1,4364.44,9.87
1100,369,70,1,2230.14,7.71
1101,370,108,5,4204.31,31.77
1102,370,8,1,3832.65,24.05
1103,370,82,2,4047.28,19.52
1104,371,2,4,1562.4,33.39
1105,372,67,2,604.12,11.46
1106,373,111,3,2307.22,20.62
1107,374,101,2,1342.28,0.39
1108,374,52,4,460.14,10.07
1109,375,180,4,1631.34,22.82
1110,376,120,5,3411.97,44.99
1111,377,219,5,4678.0,8.39
1112,377,255,1,471.98,2.8
1113,377,163,2,2825.48,23.83
1114,378,68,3,2535.7,2.43
1115,378,24,2,3118.44,0.21
1116,379,178,1,2225.03,27.19
1117,379,199,3,307.72,6.07
1118,380,86,1,1293.6,46.48
1119,380,40,1,4039.47,13.0
1120,380,69,3,1913.55,20.3
1121,380,12,2,1629.28,22.99
1122,381,84,3,1960.56,100.0
1123,381,237,3,1513.74,24.55
1124,381,205,4,3202.28,6.61
1125,382,185,4,4389.3,33.94
1126,382,149,3,4761.85,36.47
1127,383,145,4,1380.94,38.93
1128,383,4,5,3069.52,100.0
1129,383,199,4,3811.36,3.06
1130,384,238,5,2151.95,9.07
1131,384,94,1,1576.24,20.18
1132,384,294,1,603.18,22.61
1133,384,165,1,2620.44,31.53
1134,384,81,5,1359.69,39.03
1135,385,183,2,693.69,11.03
1136,385,54,3,2979.29,32.92
1137,386,273,5,1038.77,5.51
1138,386,97,5,2913.05,7.98
1139,387,272,2,2354.59,4.16
1140,387,279,3,1672.44,45.55
1141,387,67,2,4637.56,12.14
1142,388,76,2,3311.79,24.04
1143,388,67,2,4945.1,11.13
1144,388,114,1,3857.11,14.15
1145,389,145,1,4214.99,41.14
1146,389,59,5,4378.11,19.07
1147,389,281,2,3940.01,36.28
1148,390,126,3,641.72,34.98
1149,390,194,5,1083.59,20.36
1150,391,295,5,4532.3,32.22
1151,391,48,4,3261.73,24.6
1152,391,173,4,3446.67,27.44
1153,392,102,3,1070.9,20.05
1154,393,190,5,1473.06,11.55
1155,393,13,2,3575.04,1.54
1156,393,18,4,884.32,34.04
1157,393,114,5,2802.49,17.91
1158,394,14,5,4186.2,49.75
1159,394,209,5,453.12,41.16
1160,394,286,3,1951.77,9.78
1161,394,70,2,3542.15,39.26
1162,395,175,2,1656.87,6.29
1163,395,244,4,675.9,6.0
1164,395,162,4,873.41,49.15
1165,396,19,3,4459.96,44.74
1166,396,12,1,1073.19,49.86
1167,396,113,5,1018.75,33.22
1168,397,134,4,512.55,18.87
1169,397,293,4,214.04,18.99
1170,397,256,5,2266.44,13.46
1171,397,24,1,4410.07,0.55
1172,397,290,4,2699.12,1.23
1173,398,131,2,968.9,17.02
1174,398,213,2,3457.65,18.34
1175,398,210,5,3880.22,47.87
1176,398,265,5,3005.96,12.44
1177,398,110,1,4494.11,16.12
1178,399,4,1,3882.06,13.52
1179,399,286,2,1023.56,36.22
1180,399,238,1,4952.99,12.8
1181,399,225,3,494.01,8.92
1182,399,120,5,2057.07,22.78
1183,400,114,5,3621.95,38.51
1184,401,165,5,4722.96,36.34
1185,401,31,5,4856.46,42.0
1186,401,89,4,3663.2,42.65
1187,401,83,3,3907.99,49.61
1188,402,272,2,992.65,4.74
1189,402,291,4,3879.62,6.76
1190,402,294,2,2409.96,48.95
1191,402,115,5,4973.98,37.92
1192,403,66,3,3424.52,35.3
1193,404,263,2,1341.89,39.14
1194,405,82,2,403.53,18.58
1195,405,251,5,1814.07,35.71
1196,406,247,4,1957.77,13.14
1197,406,24,1,218.7,41.81
1198,407,223,3,1771.62,36.78
1199,407,242,1,2021.97,10.1
1200,407,239,5,3368.63,47.63
1201,407,193,3,2357.73,35.04
1202,407,213,5,2128.38,13.0
1203,408,128,2,2921.85,12.03
1204,408,220,1,3612.4,45.45
1205,408,156,2,1304.15,14.03
1206,408,255,4,4507.8,38.8
1207,409,176,2,2118.29,31.1
1208,409,177,1,2269.64,13.19
1209,409,155,1,2453.14,35.29
1210,410,93,4,3501.86,0.24
1211,410,194,4,258.99,37.7
1212,410,153,2,395.65,19.69
1213,410,119,4,3065.5,28.37
1214,411,147,3,1834.19,7.21
1215,411,13,4,609.36,32.9
1216,411,289,3,265.09,20.9
1217,412,278,5,2780.32,38.29
1218,412,99,5,254.1,35.93
1219,412,62,5,1601.92,30.9
1220,413,54,4,1536.56,31.14
1221,413,57,5,4149.41,34.06
1222,413,194,1,3091.62,43.57
1223,413,290,4,1159.98,28.97
1224,413,287,5,1345.3,21.61
1225,414,254,1,1149.2,46.26
1226,414,124,4,2020.38,0.31
1227,414,63,2,3991.82,35.41
1228,414,259,5,2475.75,17.94
1229,414,193,3,795.91,32.38
1230,415,148,4,3377.97,15.63
1231,415,295,5,3239.75,35.23
1232,415,22,2,1301.51,15.92
1233,415,95,3,3805.18,5.07
1234,415,91,3,1095.16,35.28
1235,416,187,2,3560.91,5.24
1236,416,200,1,1436.65,45.26
1237,416,124,4,4173.83,43.83
1238,417,87,1,3783.6,46.96
1239,417,259,1,298.91,23.03
1240,418,8,4,1855.31,1.57
1241,418,265,2,1855.31,100.0
1242,419,262,2,3312.23,3.56
1243,419,20,2,2967.07,0.64
1244,419,16,1,2289.69,33.66
1245,420,79,1,3153.39,33.84
1246,420,117,2,3360.27,22.06
1247,421,92,2,4954.02,9.2
1248,421,22,2,2861.12,43.52
1249,422,287,2,4113.47,29.85
1250,422,267,5,1847.35,14.02
1251,422,216,5,2043.55,44.45
1252,423,295,1,743.17,13.95
1253,423,255,5,2193.66,9.87
1254,423,16,5,3435.1,13.01
1255,424,207,3,4061.52,20.49
1256,424,271,5,594.16,36.46
1257,424,71,1,279.07,8.22
1258,425,149,2,3238.74,18.81
1259,425,148,3,2525.06,17.68
1260,425,247,2,4544.39,4.22
1261,426,135,4,2161.24,27.97
1262,426,135,2,4642.78,42.83
1263,426,219,2,455.49,17.26
1264,426,140,4,4046.18,47.3
1265,1500,146,3,970.94,36.29
1266,427,221,4,4222.16,100.0
1267,428,206,4,2161.56,46.41
1268,428,287,1,239.99,7.28
1269,428,55,3,3444.9,30.2
1270,429,99,3,4248.8,28.38
1271,429,73,1,3153.64,13.03
1272,429,285,5,1865.47,36.68
1273,430,155,3,3995.31,9.67
1274,430,178,4,1481.26,1.73
1275,430,81,3,3786.67,29.2
1276,431,26,5,4957.36,40.97
1277,431,261,5,4280.16,42.18
1278,431,14,5,2408.13,25.83
1279,432,191,1,1638.7,35.38
1280,432,217,4,2462.1,26.11
1281,433,12,2,4526.39,38.99
1282,433,174,4,988.84,36.18
1283,434,109,4,3042.38,32.64
1284,434,184,2,1088.09,32.43
1285,434,249,1,3333.8,17.52
1286,434,92,1,2066.33,6.9
1287,434,298,3,3438.83,31.77
1288,435,120,4,1464.93,12.75
1289,435,71,4,622.26,30.87
1290,435,156,4,1254.59,100.0
1291,435,278,4,540.37,46.24
1292,435,179,5,1362.11,13.12
1293,436,86,5,1693.4,7.91
1294,436,83,5,3229.33,20.18
1295,436,64,2,767.06,44.82
1296,436,238,2,4249.13,48.96
1297,437,70,3,2649.28,45.58
1298,437,48,3,1457.33,15.48
1299,437,299,2,3072.67,14.44
1300,437,280,5,3882.72,37.88
1301,438,202,5,2131.9,36.82
1302,438,291,4,4046.65,22.83
1303,439,23,1,3049.33,9.63
1304,439,79,5,1478.98,46.39
1305,439,131,1,2264.42,48.71
1306,440,29,5,4703.05,14.42
1307,440,126,3,4009.2,22.05
1308,440,18,3,4045.57,14.34
1309,440,174,1,2133.56,2.37
1310,441,297,1,4790.88,39.77
1311,442,240,1,701.54,22.56
1312,442,284,1,3056.68,22.02
1313,442,298,3,4239.72,22.95
1314,442,154,2,3792.08,17.54
1315,443,237,1,2007.91,29.31
1316,443,154,1,2176.5,47.36
1317,444,205,2,1668.26,41.24
1318,444,150,3,4281.83,42.83
1319,444,22,5,1230.86,32.52
1320,444,248,3,3704.09,35.72
1321,445,237,5,3266.36,24.57
1322,446,152,2,2752.44,41.74
1323,447,291,2,2228.01,42.45
1324,447,93,5,3097.17,6.6
1325,447,52,4,1302.87,11.58
1326,448,136,2,1966.92,25.96
1327,448,78,3,1640.12,13.15
1328,448,178,2,2053.47,27.17
1329,449,238,5,1988.69,20.73
1330,449,287,5,1778.76,22.29
1331,449,77,5,4747.63,46.46
1332,449,200,4,884.9,43.39
1333,449,137,1,1491.46,0.44
1334,1500,17,5,4458.77,6.24
1335,450,186,5,4466.56,14.82
1336,450,102,4,3222.05,1.82
1337,450,271,5,4172.89,40.53
1338,450,6,1,2543.61,46.02
1339,451,74,4,2849.74,46.95
1340,451,131,1,1764.56,45.72
1341,451,1,2,4413.88,4.17
1342,451,48,4,1228.57,45.62
1343,451,244,4,3582.07,45.36
1344,452,286,1,1523.48,26.1
1345,452,147,2,839.18,31.29
1346,452,24,3,4192.54,0.77
1347,452,277,2,4441.37,23.4
1348,452,250,3,3928.0,47.79
1349,453,269,4,4933.0,8.89
1350,454,137,3,3307.8,43.3
1351,454,49,1,969.36,17.33
1352,454,109,3,3968.41,38.08
1353,454,128,3,1632.4,45.33
1354,455,244,1,1753.16,18.71
1355,455,10,5,1998.87,0.99
1356,455,144,4,4514.66,22.3
1357,455,282,2,4494.26,100.0
1358,456,130,5,375.58,41.28
1359,457,150,4,3351.87,31.22
1360,457,26,2,3876.33,30.76
1361,1500,148,5,1442.76,29.54
1362,457,297,5,889.36,27.01
1363,457,94,4,2723.99,31.24
1364,458,73,2,1111.62,36.99
1365,459,147,1,3390.15,41.17
1366,459,230,5,1940.91,31.82
1367,459,61,5,3992.89,7.38
1368,459,143,3,2941.13,5.03
1369,460,79,3,576.03,30.28
1370,460,27,4,4937.04,28.99
1371,460,241,5,2358.43,26.43
1372,460,242,1,1803.03,12.73
1373,460,44,4,3087.05,2.82
1374,461,248,3,2819.59,24.28
1375,462,244,1,726.14,24.77
1376,462,99,3,3542.62,2.36
1377,462,285,2,3278.44,34.99
1378,463,75,4,3958.87,49.19
1379,463,235,3,4581.04,10.06
1380,463,229,4,3662.95,31.04
1381,464,204,2,2471.73,48.0
1382,464,15,3,3559.42,39.13
1383,464,53,3,1562.48,33.36
1384,465,33,4,4834.94,26.06
1385,465,193,4,4418.67,1.99
1386,465,160,3,2545.68,5.48
1387,465,141,5,1671.8,12.5
1388,465,293,3,4108.48,39.73
1389,466,84,4,1866.86,49.72
1390,466,165,5,2321.56,1.29
1391,466,259,5,4281.02,47.96
1392,466,189,2,1909.83,3.47
1393,467,261,3,4652.58,15.08
1394,467,90,4,4970.77,42.51
1395,467,176,3,4495.88,48.5
1396,1500,73,5,4205.21,47.88
1397,1500,233,3,2177.56,1.17
1398,469,137,5,1301.29,22.38
1399,470,285,4,429.94,41.37
1400,470,85,1,4779.41,9.14
1401,470,261,3,3131.74,48.96
1402,470,16,1,212.83,47.54
1403,470,238,1,2917.14,43.12
1404,471,187,1,1531.78,14.68
1405,471,297,5,2095.45,100.0
1406,471,130,3,2015.12,1.7
1407,472,157,5,1412.95,15.55
1408,472,200,2,2208.31,39.43
1409,473,265,2,3077.97,37.16
1410,473,155,2,2501.52,46.92
1411,473,3,2,2081.47,34.75
1412,473,192,5,1495.76,29.77
1413,473,1,4,1651.98,28.5
1414,474,42,3,4363.51,47.74
1415,474,201,3,3722.36,1.65
1416,474,125,4,4823.54,25.67
1417,474,121,3,4587.91,30.89
1418,475,224,5,3560.23,48.25
1419,475,65,2,840.04,13.98
1420,476,116,3,3299.45,7.03
1421,476,300,2,4546.26,14.86
1422,476,126,2,1162.93,44.97
1423,1500,4,4,2083.9,6.79
1424,476,159,2,4651.18,12.49
1425,477,108,5,3507.19,24.37
1426,477,51,4,1888.89,24.2
1427,477,140,3,4452.25,8.22
1428,477,200,5,4594.7,35.61
1429,477,75,3,4294.09,24.2
1430,478,61,2,2210.07,6.36
1431,478,67,3,1984.79,0.21
1432,478,224,3,982.89,32.21
1433,478,175,5,4792.27,14.15
1434,478,206,1,3692.65,49.56
1435,479,245,4,4474.33,43.88
1436,479,89,3,3333.82,8.41
1437,479,155,4,3371.97,3.94
1438,479,225,5,2337.94,1.25
1439,479,157,4,2153.45,19.48
1440,480,77,2,2093.82,34.42
1441,480,276,3,1614.42,29.93
1442,481,282,3,3318.07,29.51
1443,481,263,3,4914.42,30.59
1444,482,137,4,1423.73,4.47
1445,482,200,1,1073.04,37.61
1446,482,18,2,797.01,12.61
1447,483,239,3,1606.85,45.08
1448,483,150,1,2119.54,9.96
1449,483,47,1,3864.09,15.08
1450,483,24,1,4442.18,0.12
1451,483,248,3,1570.75,7.27
1452,484,51,1,3475.55,12.93
1453,485,140,2,3609.3,29.56
1454,485,145,5,547.38,47.72
1455,486,252,4,2273.15,27.76
1456,486,193,1,2676.75,37.88
1457,486,216,3,2280.6,43.33
1458,486,195,3,3721.85,39.57
1459,487,13,4,2884.58,11.65
1460,487,233,2,2414.15,8.33
1461,487,72,3,727.12,32.35
1462,487,38,4,4012.61,30.5
1463,487,210,5,387.46,15.26
1464,488,276,4,1071.11,5.85
1465,488,182,5,4077.45,14.75
1466,488,59,2,1118.87,15.51
1467,488,65,2,336.33,22.71
1468,488,58,4,2812.01,28.56
1469,489,109,5,3901.89,38.33
1470,489,77,3,3116.7,38.35
1471,490,110,5,2359.47,23.1
1472,490,295,5,2494.13,47.19
1473,490,170,1,3083.17,44.68
1474,490,47,4,4179.91,36.66
1475,490,292,5,4072.78,32.07
1476,491,38,5,212.27,49.25
1477,491,36,5,3995.13,37.17
1478,492,7,2,3677.38,24.5
1479,492,290,2,4946.53,23.5
1480,492,22,1,3936.02,14.3
1481,493,294,4,1501.35,36.44
1482,493,181,2,3261.08,0.39
1483,493,98,4,421.62,6.69
1484,493,219,2,1553.39,37.02
1485,493,106,2,837.77,1.31
1486,494,130,5,3734.34,17.32
1487,494,262,2,1955.22,22.29
1488,494,288,1,3337.65,14.42
1489,1500,236,1,742.66,42.24
1490,495,210,5,1083.42,36.58
1491,495,254,4,2031.27,34.15
1492,495,220,2,1715.65,34.8
1493,496,197,2,908.35,27.92
1494,496,84,1,2227.61,13.91
1495,496,244,4,4942.33,14.2
1496,496,54,3,4650.3,4.9
1497,497,245,2,952.44,4.91
1498,498,67,4,276.44,100.0
1499,498,97,1,3089.2,37.44
1500,498,152,5,1238.15,7.44
1501,499,39,2,3247.27,34.19
1502,499,10,4,4211.65,20.96
1503,499,197,2,4316.74,41.48
1504,499,276,3,3950.95,41.31
1505,500,282,4,4267.37,36.21
1506,500,169,3,4329.53,12.96
1507,500,8,4,3266.28,30.99
1508,501,25,1,611.41,0.44
1509,501,15,5,2360.46,30.75
1510,502,151,2,741.42,18.76
1511,503,18,2,4410.31,42.02
1512,503,6,1,2366.77,35.87
1513,503,266,2,1424.2,46.32
1514,504,2,2,4821.41,6.43
1515,504,186,2,2242.82,36.39
1516,504,8,2,2204.92,34.16
1517,505,159,2,4598.75,47.81
1518,505,107,2,809.84,24.66
1519,505,86,1,4222.6,10.47
1520,506,278,4,1621.4,18.01
1521,506,62,3,4830.79,48.69
1522,507,250,3,3947.38,9.69
1523,507,277,5,3329.8,13.1
1524,507,14,1,904.16,16.41
1525,507,155,5,2679.04,42.73
1526,508,13,3,576.85,14.05
1527,509,66,4,714.13,26.6
1528,509,91,3,786.46,23.86
1529,509,75,1,1593.17,39.63
1530,509,68,4,3349.54,19.49
1531,510,283,2,1520.54,6.23
1532,510,60,1,930.63,1.61
1533,510,276,1,1360.32,34.64
1534,511,216,5,716.01,35.23
1535,511,105,3,3820.76,14.12
1536,511,88,3,2497.74,30.38
1537,512,118,5,4677.28,47.6
1538,512,209,4,702.19,23.58
1539,512,234,1,567.25,24.27
1540,513,151,5,3398.0,15.93
1541,513,10,2,2326.4,5.58
1542,513,271,2,396.09,32.64
1543,514,287,2,4276.81,2.31
1544,514,116,4,3146.68,43.8
1545,515,15,1,3965.64,36.11
1546,515,235,1,1848.04,45.37
1547,515,18,3,1368.71,32.6
1548,515,20,4,4560.84,14.78
1549,516,142,4,4463.83,16.69
1550,516,96,4,2112.59,17.91
1551,517,269,3,1205.84,49.5
1552,518,75,2,4840.69,6.48
1553,518,143,2,4929.15,5.6
1554,518,108,4,3955.4,12.79
1555,518,289,1,2072.35,27.05
1556,518,50,3,2431.82,0.52
1557,519,149,3,1651.91,8.55
1558,519,241,3,3680.32,30.99
1559,519,47,1,4492.69,22.45
1560,520,186,1,4980.13,29.94
1561,520,24,4,3964.44,17.97
1562,521,75,5,1346.32,20.88
1563,521,221,2,4373.23,28.17
1564,522,109,4,2133.02,24.47
1565,522,97,5,3902.45,41.69
1566,523,245,2,4622.39,45.62
1567,523,98,1,3311.86,24.79
1568,523,35,1,523.32,32.84
1569,523,184,4,1197.43,41.66
1570,524,9,5,3333.04,35.29
1571,524,57,5,3840.97,32.66
1572,525,220,1,1540.44,49.89
1573,526,296,1,4848.9,24.96
1574,526,132,3,4696.77,39.77
1575,526,3,2,3306.88,22.08
1576,526,16,1,1912.4,45.21
1577,526,177,4,1406.66,16.81
1578,527,213,2,4207.82,19.38
1579,527,88,2,2086.16,5.39
1580,527,114,4,3172.26,10.22
1581,528,27,3,4183.89,11.96
1582,528,298,2,620.76,9.62
1583,528,214,2,719.99,30.46
1584,528,14,2,2994.39,5.37
1585,529,288,5,2314.71,23.35
1586,529,231,1,1132.38,45.66
1587,529,141,1,4815.96,49.33
1588,530,176,3,1259.49,32.73
1589,531,256,2,1018.31,2.78
1590,531,91,2,4684.71,21.51
1591,531,299,5,1415.34,2.23
1592,531,29,1,954.86,48.34
1593,532,84,5,4261.97,34.47
1594,532,249,1,282.78,7.6
1595,533,164,4,4697.5,28.98
1596,533,283,5,4842.96,43.95
1597,533,129,3,2167.34,13.44
1598,533,253,3,3480.27,7.72
1599,534,256,4,3570.87,20.83
1600,534,153,4,1196.72,0.65
1601,534,289,2,2626.19,39.89
1602,534,6,4,515.05,10.1
1603,534,232,1,1284.13,40.62
1604,535,121,1,4152.98,46.58
1605,535,26,1,2800.78,11.71
1606,535,48,4,3192.56,0.11
1607,536,119,4,4905.04,25.23
1608,536,216,5,638.42,1.02
1609,536,216,1,973.04,45.61
1610,536,272,2,4902.91,20.3
1611,537,250,5,1607.33,8.38
1612,537,10,2,2419.38,21.58
1613,537,187,3,250.6,43.17
1614,538,87,5,1067.65,36.06
1615,538,262,3,942.93,3.78
1616,538,103,5,2500.31,32.27
1617,538,245,5,1553.13,11.29
1618,538,287,4,1630.48,23.68
1619,539,22,5,2936.01,26.4
1620,540,145,4,784.45,16.57
1621,541,262,4,1773.29,14.17
1622,541,187,5,2886.01,23.45
1623,541,138,3,4328.85,4.29
1624,541,84,1,1767.9,35.54
1625,542,101,4,3760.59,2.12
1626,542,151,5,267.06,20.68
1627,543,152,3,2136.56,41.26
1628,543,162,5,2070.44,28.75
1629,543,65,2,3337.12,46.11
1630,543,45,5,4746.51,31.85
1631,544,213,5,1868.86,23.86
1632,544,154,2,1254.3,11.15
1633,544,292,1,3223.89,22.49
1634,544,6,1,1345.25,28.26
1635,545,125,1,2292.32,46.36
1636,545,198,1,3823.56,4.49
1637,546,138,3,3731.64,15.85
1638,546,56,3,3973.92,42.23
1639,546,212,3,338.52,33.66
1640,546,52,2,702.12,25.68
1641,547,61,4,4092.05,29.35
1642,547,34,2,896.8,10.87
1643,547,282,5,3173.12,6.5
1644,547,112,4,2956.49,42.42
1645,548,234,2,4757.09,15.97
1646,549,6,1,4069.74,43.63
1647,549,50,5,264.05,100.0
1648,549,277,1,3963.42,42.94
1649,549,75,4,3383.96,26.67
1650,550,250,1,3843.98,15.05
1651,551,93,5,1347.43,16.13
1652,551,151,4,911.02,47.58
1653,551,103,1,717.1,31.9
1654,552,85,5,3697.87,12.68
1655,552,92,2,2780.9,44.03
1656,553,1,5,2499.07,34.91
1657,553,123,2,1258.22,18.65
1658,553,226,2,2071.86,3.94
1659,553,60,4,426.01,100.0
1660,554,223,1,1250.03,17.82
1661,554,80,1,4549.06,30.33
1662,554,64,5,4921.39,12.33
1663,554,54,5,2696.93,3.93
1664,555,7,4,3306.82,37.72
1665,555,231,1,563.77,24.95
1666,556,17,4,207.05,46.58
1667,556,55,2,1383.51,14.25
1668,557,29,5,1636.24,9.85
1669,558,260,4,2671.74,19.98
1670,558,149,4,3744.87,9.12
1671,558,294,3,4022.97,16.16
1672,558,36,3,2368.61,100.0
1673,558,83,4,2678.36,4.61
1674,559,238,1,4293.5,21.1
1675,559,70,4,4713.18,6.55
1676,559,140,2,3780.75,9.23
1677,560,282,1,4066.37,35.67
1678,560,129,4,1861.23,2.0
1679,560,78,5,1984.93,41.17
1680,560,222,4,1305.56,9.88
1681,560,73,4,4679.65,39.54
1682,561,142,5,1425.38,12.84
1683,562,224,4,3885.14,33.75
1684,563,274,2,3602.12,0.42
1685,563,224,4,4873.32,15.58
1686,563,258,2,3052.4,3.22
1687,564,297,4,2858.1,21.06
1688,564,119,2,3503.45,24.59
1689,565,118,5,4514.68,9.78
1690,565,290,2,600.01,46.38
1691,565,100,1,3043.73,30.8
1692,565,288,1,1014.82,17.1
1693,566,77,1,4115.01,34.38
1694,566,134,5,3525.3,15.43
1695,566,163,4,3828.45,6.43
1696,566,257,3,2690.41,7.74
1697,567,156,4,2896.79,44.51
1698,567,103,3,4841.63,7.27
1699,568,91,5,4564.07,10.0
1700,568,54,4,2731.54,33.41
1701,568,154,5,4601.18,39.54
1702,568,73,5,1875.81,23.57
1703,568,117,5,405.48,37.56
1704,569,275,4,1068.88,13.36
1705,569,162,5,3847.61,1.71
1706,569,71,5,918.37,45.3
1707,569,121,2,516.44,23.86
1708,570,94,3,798.83,7.01
1709,570,29,4,4554.41,37.75
1710,571,107,1,1334.57,100.0
1711,572,162,3,422.85,6.57
1712,572,27,2,1527.49,32.42
1713,573,166,4,3569.44,40.45
1714,573,215,1,4473.54,36.61
1715,573,147,1,1480.25,28.67
1716,573,154,5,3779.15,0.98
1717,573,172,5,4625.55,17.83
1718,574,149,2,3560.34,34.92
1719,575,219,1,1194.69,42.47
1720,575,176,2,4043.71,47.16
1721,575,258,3,700.51,47.03
1722,575,30,3,2964.89,16.24
1723,575,66,5,4053.47,12.0
1724,576,54,5,914.92,4.92
1725,576,56,2,3964.87,9.04
1726,576,221,3,4566.7,6.61
1727,576,201,3,774.65,8.04
1728,576,284,2,324.2,44.42
1729,577,113,3,1657.87,9.61
1730,577,156,2,2165.03,8.41
1731,578,60,3,4887.21,38.7
1732,578,173,5,3646.64,44.07
1733,578,262,2,4672.05,30.28
1734,578,169,4,4247.82,4.65
1735,579,260,4,4607.69,11.94
1736,579,272,3,4070.44,13.17
1737,579,292,1,3225.9,28.45
1738,579,245,5,4811.38,27.73
1739,579,36,4,1203.65,0.99
1740,580,250,4,4427.4,21.58
1741,580,49,3,4624.65,21.64
1742,580,197,2,2142.34,39.91
1743,580,262,2,3108.23,44.54
1744,580,205,3,924.29,19.24
1745,581,119,3,4729.49,32.22
1746,581,259,1,2560.78,19.56
1747,581,66,4,487.78,49.86
1748,581,143,5,4717.91,17.32
1749,581,25,5,1541.71,34.56
1750,582,16,4,3189.23,12.75
1751,582,53,3,4684.2,8.61
1752,583,205,3,3947.29,30.31
1753,584,219,5,3335.31,17.93
1754,584,89,2,4243.38,18.74
1755,584,56,5,2598.2,49.29
1756,584,50,4,4872.85,41.05
1757,584,128,3,2136.3,22.98
1758,585,276,2,583.55,11.43
1759,586,243,2,3606.62,20.3
1760,586,244,4,3439.38,1.13
1761,587,264,2,4312.91,16.33
1762,587,44,3,2212.09,16.54
1763,587,249,3,4672.19,5.25
1764,587,189,3,2982.66,38.99
1765,588,239,4,294.88,26.1
1766,589,281,5,4120.23,44.76
1767,589,296,1,4855.5,48.3
1768,590,10,2,4099.89,32.34
1769,590,152,5,3900.23,28.11
1770,590,77,1,884.39,10.33
1771,591,111,5,1650.14,28.87
1772,591,228,1,1219.85,42.72
1773,591,1,2,3870.46,28.48
1774,591,15,3,1002.29,35.22
1775,591,130,2,1025.71,22.1
1776,592,7,3,1074.45,33.86
1777,592,287,4,3765.68,48.68
1778,592,295,5,1486.88,24.89
1779,593,118,1,4309.79,14.0
1780,593,66,1,3217.66,22.98
1781,593,156,5,4459.55,30.08
1782,593,83,3,3043.76,24.85
1783,594,294,2,2705.39,48.44
1784,594,119,5,3993.35,15.58
1785,594,220,2,1740.75,18.16
1786,595,67,2,2294.03,47.87
1787,595,64,4,2225.98,27.46
1788,595,218,5,3595.51,48.71
1789,596,50,5,4110.75,49.19
1790,596,32,5,603.78,48.21
1791,596,238,5,4144.25,9.64
1792,596,29,4,1003.94,19.87
1793,596,172,3,2513.67,100.0
1794,597,192,3,2327.49,25.64
1795,597,119,5,4656.42,24.75
1796,597,291,1,4358.0,27.81
1797,597,271,2,4105.75,41.29
1798,597,185,2,1711.43,32.6
1799,598,68,1,2851.65,39.45
1800,598,177,1,2906.04,32.49
1801,598,194,4,3043.96,15.56
1802,598,175,3,3191.1,38.28
1803,599,140,4,1222.43,31.47
1804,599,262,3,3312.72,30.99
1805,599,125,4,1818.02,2.91
1806,599,135,3,1178.84,24.24
1807,600,20,2,4236.91,48.5
1808,600,44,4,3224.44,26.27
1809,601,78,5,3766.19,3.65
1810,601,140,1,499.45,17.61
1811,601,123,1,4318.32,21.47
1812,601,90,3,3075.51,16.27
1813,602,157,1,2264.08,45.17
1814,602,276,5,3271.65,22.36
1815,603,172,1,1369.4,26.95
1816,603,292,3,1713.52,37.13
1817,603,229,2,2307.99,4.09
1818,603,256,1,2987.82,30.0
1819,1500,64,2,1069.12,9.31
1820,604,77,3,1903.63,41.41
1821,604,11,1,632.91,36.68
1822,604,68,2,3300.57,25.33
1823,604,200,1,4138.53,41.12
1824,604,265,5,4933.82,2.18
1825,605,50,3,302.27,3.86
1826,606,119,3,3915.31,45.18
1827,606,284,2,1823.36,8.46
1828,607,27,3,4196.97,48.93
1829,607,27,5,4560.8,12.89
1830,607,78,4,921.69,37.34
1831,607,228,2,3812.99,24.82
1832,608,266,5,1196.19,36.24
1833,608,26,4,4955.09,32.02
1834,608,147,1,2599.87,32.23
1835,608,211,4,1302.06,1.75
1836,609,233,1,1615.62,49.56
1837,609,178,4,1385.74,34.31
1838,609,5,1,1893.1,49.15
1839,610,226,2,1426.44,26.83
1840,610,255,3,2737.6,29.89
1841,610,123,3,2605.64,19.12
1842,610,48,3,1920.84,34.2
1843,611,11,1,4369.78,25.69
1844,611,18,3,4572.7,22.44
1845,612,19,2,597.76,3.1
1846,612,103,4,1999.73,3.52
1847,612,118,1,3812.48,7.28
1848,613,192,3,4152.82,17.42
1849,613,163,4,4926.02,45.76
1850,614,4,2,938.21,18.68
1851,615,189,2,1224.01,8.72
1852,615,233,2,466.45,36.29
1853,615,24,4,3478.45,1.72
1854,615,151,1,3751.16,12.61
1855,615,247,3,2156.87,41.66
1856,616,90,4,1065.86,47.81
1857,616,10,5,2028.08,41.62
1858,616,47,2,4003.2,29.6
1859,616,151,2,1475.05,29.32
1860,617,79,5,2100.52,13.76
1861,617,184,1,4854.56,4.98
1862,617,76,3,4620.08,6.87
1863,618,75,2,2530.76,14.66
1864,618,51,2,1078.75,7.71
1865,618,206,4,1718.81,21.57
1866,618,76,1,1554.09,27.28
1867,618,122,5,760.98,39.18
1868,619,53,3,2050.96,16.68
1869,619,241,5,1058.51,23.21
1870,619,281,4,3202.51,19.83
1871,619,32,4,2534.27,3.63
1872,620,178,3,1450.14,41.19
1873,620,68,1,3072.34,12.04
1874,620,51,1,2961.74,49.6
1875,620,126,5,784.03,35.05
1876,621,161,1,2045.8,8.87
1877,621,191,5,564.97,46.86
1878,621,210,2,1940.93,16.84
1879,621,39,2,2601.86,8.19
1880,622,288,5,4327.47,31.61
1881,623,63,1,4323.6,39.39
1882,623,129,1,1297.16,48.39
1883,623,149,2,3942.16,33.27
1884,623,244,2,1002.69,41.29
1885,623,66,5,364.6,33.09
1886,624,78,2,3452.43,0.58
1887,624,184,3,4145.04,35.64
1888,625,102,5,1065.01,30.88
1889,625,100,4,4668.13,41.23
1890,626,110,4,4598.02,23.58
1891,626,131,2,3452.41,13.09
1892,626,104,3,4402.46,46.29
1893,626,26,1,513.16,100.0
1894,626,257,1,1705.71,29.61
1895,627,252,3,2960.48,7.4
1896,627,112,2,2190.14,7.13
1897,627,97,4,2003.8,16.38
1898,628,180,3,245.18,1.95
1899,628,239,2,1371.39,7.14
1900,629,129,4,2740.01,15.0
1901,629,292,4,1647.11,22.92
1902,629,240,3,2651.55,3.36
1903,629,239,5,3427.76,47.87
1904,629,113,5,2053.8,23.25
1905,630,29,5,1915.36,13.91
1906,630,1,5,3483.78,100.0
1907,630,61,1,4784.76,9.12
1908,631,9,2,3137.63,42.5
1909,631,229,1,1799.84,38.03
1910,631,46,2,4344.61,8.78
1911,632,205,2,2202.92,26.65
1912,632,235,5,1285.14,27.71
1913,632,245,5,4158.9,26.45
1914,632,224,1,3719.56,17.04
1915,633,251,2,3252.22,4.43
1916,634,120,2,2826.67,18.23
1917,634,178,5,3241.01,44.01
1918,634,57,1,862.41,2.35
1919,634,129,4,1709.48,34.96
1920,635,13,1,1582.38,16.85
1921,635,58,2,3099.03,26.99
1922,635,268,2,3548.1,49.83
1923,635,266,2,771.85,33.88
1924,635,59,3,2658.32,14.12
1925,636,121,2,720.27,0.33
1926,636,195,5,4015.83,17.93
1927,636,153,1,901.24,34.02
1928,636,131,1,1330.44,13.77
1929,637,216,3,3051.62,43.97
1930,637,58,2,2420.11,44.36
1931,637,213,4,933.31,23.13
1932,637,187,5,3062.88,12.47
1933,638,25,4,1939.62,47.6
1934,638,276,2,2318.62,26.68
1935,638,134,2,4912.58,44.53
1936,638,25,4,4650.4,1.7
1937,1500,242,1,2217.49,13.62
1938,639,269,5,1960.6,27.83
1939,640,232,4,1398.09,33.52
1940,640,286,2,4841.47,45.52
1941,640,89,5,3804.75,24.2
1942,640,265,3,1883.89,18.87
1943,640,85,5,2190.19,44.33
1944,641,82,1,4836.1,49.93
1945,641,279,4,1662.0,30.6
1946,642,176,4,1783.16,45.49
1947,1500,57,2,2183.3,3.72
1948,642,91,4,299.66,3.96
1949,642,93,1,1821.18,39.75
1950,643,146,1,1865.35,31.66
1951,643,127,4,2815.95,34.24
1952,643,1,4,2873.19,47.45
1953,643,160,2,2991.79,35.45
1954,644,107,5,368.67,47.38
1955,644,194,2,3104.43,1.59
1956,645,234,1,2560.19,48.0
1957,645,186,5,393.68,32.64
1958,645,262,5,4475.12,2.46
1959,645,259,2,220.0,23.49
1960,645,38,2,4801.05,14.17
1961,646,23,3,3637.68,26.46
1962,646,219,2,1949.61,40.5
1963,646,63,5,2636.75,9.63
1964,647,56,2,1743.84,42.46
1965,647,255,5,3147.46,30.18
1966,648,226,5,4100.59,40.97
1967,649,125,3,3864.38,27.38
1968,649,67,3,3710.54,5.01
1969,649,208,3,1738.2,0.71
1970,649,169,5,4666.91,34.01
1971,650,61,5,961.45,20.69
1972,651,7,4,971.4,47.87
1973,651,54,4,2422.65,48.48
1974,652,67,2,1450.37,0.75
1975,652,193,2,4275.15,8.68
1976,652,289,2,4766.52,37.04
1977,652,5,4,4638.66,2.32
1978,652,215,4,4834.97,24.46
1979,653,169,3,594.07,49.41
1980,653,256,2,1124.96,0.37
1981,654,48,3,2102.93,4.02
1982,654,31,5,4248.79,11.68
1983,654,232,1,1131.84,2.95
1984,654,98,4,3999.24,9.62
1985,654,232,2,871.6,47.72
1986,655,202,3,1545.91,49.43
1987,656,88,3,3265.52,29.23
1988,656,26,2,349.55,25.3
1989,656,12,4,1250.93,23.09
1990,657,283,5,1371.41,41.25
1991,657,206,1,3559.05,29.7
1992,657,196,4,685.15,33.49
1993,657,5,5,218.65,18.71
1994,657,104,4,2269.07,100.0
1995,658,276,1,2452.45,47.63
1996,659,265,3,4089.12,31.0
1997,659,68,3,1559.64,6.71
1998,659,182,4,231.67,49.29
1999,659,109,3,2390.18,49.26
2000,660,93,4,3812.39,20.76
2001,660,14,5,4297.54,2.64
2002,660,114,5,4112.26,15.15
2003,661,74,3,1176.26,29.34
2004,661,33,1,4368.14,49.82
2005,1500,241,3,407.23,33.07
2006,662,211,3,1670.94,20.16
2007,662,154,1,4240.0,5.12
2008,662,74,2,423.79,1.05
2009,663,130,1,4874.87,18.69
2010,663,2,4,565.71,31.68
2011,663,283,5,687.05,40.73
2012,663,160,4,1219.11,39.57
2013,664,265,4,2070.72,13.64
2014,664,44,3,1844.88,100.0
2015,664,157,5,3488.86,1.34
2016,664,229,4,276.25,2.92
2017,664,135,2,2383.94,11.55
2018,665,137,4,1288.84,25.11
2019,665,180,3,2241.67,13.86
2020,665,67,3,2312.2,19.52
2021,666,213,3,1367.8,39.32
2022,666,187,4,4989.75,15.41
2023,666,44,2,1454.4,8.29
2024,666,15,1,3157.91,36.15
2025,666,117,4,3086.63,33.71
2026,667,81,4,4691.34,31.13
2027,667,258,5,3330.48,3.77
2028,667,63,5,3915.24,25.56
2029,667,236,5,3897.18,17.73
2030,668,123,3,506.97,13.55
2031,668,237,1,3834.05,38.18
2032,669,198,4,1483.24,46.82
2033,669,136,1,4610.06,48.18
2034,669,160,2,372.83,34.45
2035,670,67,4,4950.62,32.72
2036,670,230,5,4818.03,13.78
2037,670,226,2,1399.6,46.2
2038,670,61,4,4404.65,33.98
2039,670,10,5,1786.2,47.82
2040,671,287,3,2401.02,2.06
2041,672,265,3,3569.65,18.52
2042,672,102,2,3716.3,23.99
2043,672,59,2,3855.57,23.11
2044,673,63,3,4514.47,2.04
2045,674,139,2,3096.66,35.3
2046,674,291,1,1141.46,12.42
2047,674,45,2,1189.01,15.25
2048,675,52,1,4804.12,13.01
2049,675,124,1,4575.34,3.27
2050,675,118,5,2377.08,46.65
2051,675,187,5,4517.81,5.66
2052,675,207,2,1101.55,25.43
2053,676,214,3,4947.08,36.03
2054,677,184,1,2189.8,15.01
2055,677,266,4,3652.08,26.21
2056,678,231,3,2368.13,16.14
2057,678,180,5,1207.86,28.65
2058,678,126,2,1627.92,29.58
2059,678,278,3,3323.85,16.14
2060,678,265,3,592.9,100.0
2061,679,95,4,4603.93,44.6
2062,679,61,2,1009.1,13.57
2063,679,251,5,3301.31,6.21
2064,679,31,5,1810.56,8.37
2065,679,277,3,2620.22,3.9
2066,680,46,3,2048.05,20.15
2067,680,284,3,4745.54,10.23
2068,680,195,1,4116.69,25.66
2069,681,281,4,3727.08,18.26
2070,681,165,2,3191.31,15.93
2071,681,277,5,2193.11,40.15
2072,681,204,4,1294.66,22.76
2073,681,26,3,1966.69,27.69
2074,682,246,1,816.61,19.15
2075,683,52,3,4675.44,16.21
2076,683,193,1,2936.51,43.3
2077,684,178,5,1880.95,41.58
2078,684,267,2,4236.42,1.59
2079,684,20,1,1133.92,19.68
2080,684,32,2,3422.22,22.83
2081,684,148,1,1230.44,30.54
2082,685,90,1,3370.47,0.95
2083,686,291,4,2916.46,28.23
2084,686,266,1,987.74,10.7
2085,686,196,5,2976.66,6.64
2086,687,242,2,1713.76,41.04
2087,687,221,3,4524.56,12.05
2088,687,271,4,4541.68,8.35
2089,687,71,2,3771.11,49.68
2090,688,291,5,3052.38,25.11
2091,688,179,3,2897.19,33.04
2092,688,279,5,662.21,38.82
2093,689,143,2,3471.37,8.12
2094,689,111,2,3042.49,15.16
2095,689,3,3,4206.62,35.6
2096,690,261,3,2981.45,36.44
2097,690,247,5,3728.82,29.72
2098,691,33,4,3636.8,17.85
2099,691,145,4,4871.0,100.0
2100,692,205,5,3146.49,14.59
2101,692,76,4,1910.67,30.89
2102,692,242,1,426.58,17.08
2103,692,38,4,4961.51,32.57
2104,693,215,5,4694.28,36.55
2105,693,214,1,791.73,40.4
2106,694,150,4,3058.77,48.98
2107,694,214,2,4716.3,38.95
2108,694,295,3,1324.81,6.33
2109,694,207,1,4243.23,6.18
2110,695,32,3,883.65,9.63
2111,695,18,2,874.05,23.88
2112,695,295,3,3254.29,47.97
2113,695,184,4,4128.58,10.62
2114,695,214,4,4912.16,43.22
2115,696,157,2,820.99,49.0
2116,697,152,2,1621.18,27.67
2117,697,190,5,2330.92,33.89
2118,697,115,5,4962.75,42.15
2119,697,281,1,4704.19,24.95
2120,697,26,5,3586.32,10.96
2121,698,219,4,4578.82,43.33
2122,698,21,3,4904.35,27.98
2123,699,117,5,3798.63,17.31
2124,700,269,3,1790.53,17.38
2125,700,125,1,3414.11,2.9
2126,700,186,5,4880.53,31.33
2127,701,263,3,2674.96,44.24
2128,701,293,1,4155.08,3.84
2129,701,2,1,2443.97,15.63
2130,701,264,3,1554.01,41.91
2131,702,5,4,1609.78,46.79
2132,702,203,4,4687.35,36.58
2133,702,73,4,3367.56,19.81
2134,702,266,1,2924.25,42.1
2135,703,78,1,2780.63,38.56
2136,703,151,1,3510.99,44.64
2137,703,42,2,1945.23,4.88
2138,703,69,2,4615.14,100.0
2139,703,14,1,4045.25,24.72
2140,704,9,1,4994.46,8.27
2141,705,292,5,3805.22,9.25
2142,705,190,1,2116.02,10.53
2143,705,1,2,3857.84,35.53
2144,706,232,2,3004.13,15.83
2145,706,9,1,1220.99,42.91
2146,706,156,2,2993.32,41.55
2147,706,230,3,1222.37,45.65
2148,707,11,4,4546.77,13.83
2149,708,76,2,2656.34,48.84
2150,708,123,1,4424.62,18.82
2151,708,82,2,3014.84,16.4
2152,709,283,2,1007.92,37.43
2153,710,171,4,3995.55,35.37
2154,710,274,4,4342.92,43.45
2155,711,214,1,2097.62,40.82
2156,711,43,5,2949.08,26.85
2157,711,66,4,2423.69,37.25
2158,711,171,2,432.91,7.75
2159,1500,26,2,2790.12,5.29
2160,712,247,5,1310.82,43.69
2161,712,154,3,4266.38,39.66
2162,712,139,4,3078.92,32.21
2163,713,255,2,4753.64,28.95
2164,713,79,4,3840.41,4.64
2165,713,44,4,4359.77,27.52
2166,713,36,1,4321.45,24.1
2167,713,26,5,732.06,46.79
2168,714,289,5,4855.76,44.9
2169,714,217,3,4807.76,41.03
2170,714,23,4,308.17,6.74
2171,714,20,3,2464.35,13.0
2172,714,81,5,2459.62,21.24
2173,715,164,3,932.66,41.79
2174,715,232,2,2518.06,31.23
2175,715,115,2,3234.57,9.68
2176,715,234,5,1393.28,48.5
2177,715,242,2,1438.36,22.96
2178,716,285,4,2782.66,26.99
2179,716,45,2,2344.86,4.85
2180,716,112,5,2981.23,24.67
2181,716,297,2,2684.86,25.84
2182,716,172,2,3375.46,3.57
2183,717,55,5,3562.04,40.79
2184,717,25,3,1960.06,11.28
2185,717,157,2,3295.97,16.11
2186,718,277,2,4373.72,6.72
2187,718,262,4,424.15,19.03
2188,719,241,4,1649.22,10.25
2189,1500,70,2,3010.16,27.68
2190,720,39,5,1212.0,10.78
2191,720,138,3,4799.97,3.19
2192,720,253,2,3247.52,28.09
2193,721,151,3,1804.72,31.78
2194,722,141,5,2448.73,9.66
2195,722,269,3,4638.1,42.85
2196,722,13,5,3172.54,45.99
2197,722,17,1,1324.61,16.64
2198,723,60,2,669.0,29.9
2199,723,71,4,3822.65,25.51
2200,723,234,2,2515.59,20.31
2201,723,22,4,3926.51,48.3
2202,1500,272,4,4407.65,10.9
2203,724,118,3,2343.81,0.86
2204,724,172,4,3711.27,10.45
2205,724,296,2,4828.93,4.35
2206,724,194,2,1107.46,7.09
2207,725,100,2,1674.89,12.13
2208,725,296,4,2076.52,49.97
2209,725,122,4,3874.5,11.17
2210,725,87,4,4362.27,7.92
2211,726,141,3,3646.9,4.13
2212,726,124,3,2652.73,29.67
2213,726,13,4,4457.21,46.08
2214,727,22,2,337.19,16.62
2215,727,113,5,2487.16,4.69
2216,727,175,2,1035.42,34.07
2217,728,206,1,4747.22,5.67
2218,728,168,3,3943.74,40.26
2219,729,76,3,463.64,30.33
2220,729,235,2,1491.93,37.88
2221,729,185,3,1834.11,24.62
2222,729,151,4,3231.97,29.89
2223,730,104,3,1188.53,32.37
2224,730,178,3,1085.73,19.78
2225,730,215,5,1532.02,30.77
2226,730,231,3,4792.24,47.19
2227,731,133,4,4503.74,18.0
2228,731,40,1,938.79,3.91
2229,731,254,5,1940.11,30.29
2230,731,192,1,404.2,9.36
2231,731,200,1,792.21,35.72
2232,732,205,1,1906.6,4.03
2233,732,47,4,881.69,36.61
2234,733,81,3,2525.88,34.94
2235,733,206,1,4282.47,3.67
2236,734,254,2,3121.85,45.75
2237,735,9,3,3660.5,23.58
2238,735,96,2,3628.9,37.98
2239,736,51,1,1705.29,25.25
2240,736,208,3,3717.88,7.14
2241,736,279,1,3768.5,39.2
2242,736,65,3,234.2,11.98
2243,737,209,3,207.66,44.75
2244,738,100,1,3377.54,33.09
2245,738,14,3,4911.94,5.86
2246,738,55,4,2404.5,46.58
2247,738,17,4,3444.2,19.81
2248,739,150,4,2728.3,2.94
2249,739,145,5,1618.93,40.8
2250,739,82,3,3221.07,6.39
2251,739,194,3,4648.02,44.43
2252,739,175,1,1810.49,15.52
2253,740,5,5,2643.23,25.26
2254,740,117,3,4793.38,5.88
2255,740,93,4,2238.61,48.78
2256,741,8,5,4824.72,24.47
2257,741,183,5,3965.91,43.57
2258,741,75,5,4330.94,12.58
2259,741,234,2,2535.35,12.35
2260,742,279,1,1501.39,48.68
2261,742,74,5,492.05,44.92
2262,743,275,1,816.44,32.12
2263,743,170,5,2820.75,42.81
2264,744,250,2,2683.09,17.71
2265,744,96,4,4346.05,31.74
2266,744,32,1,4053.31,24.71
2267,745,141,4,4098.74,28.19
2268,746,178,3,2465.66,45.13
2269,746,7,3,1065.79,21.0
2270,746,49,4,1831.81,14.78
2271,746,243,5,4315.79,34.96
2272,746,129,5,318.1,47.87
2273,747,91,3,2597.07,49.61
2274,747,96,4,992.62,19.23
2275,747,216,1,569.43,41.0
2276,747,115,3,4323.73,35.49
2277,748,162,4,3299.79,24.47
2278,748,249,4,4916.47,45.46
2279,748,167,4,1429.21,21.92
2280,748,141,1,363.17,38.71
2281,748,115,4,2759.56,28.03
2282,749,9,1,492.53,30.51
2283,749,171,5,3814.3,36.2
2284,749,124,2,2419.13,2.8
2285,749,200,4,3754.86,20.04
2286,750,298,3,1955.29,19.4
2287,750,106,2,2853.33,27.91
2288,750,285,2,951.4,21.25
2289,751,147,4,2343.52,25.68
2290,751,69,2,3230.21,0.42
2291,751,3,5,1261.45,4.72
2292,751,89,2,3032.34,33.38
2293,751,216,5,1545.4,33.98
2294,752,102,2,3140.98,37.22
2295,752,34,1,1050.22,30.15
2296,752,77,5,1531.35,21.93
2297,753,144,1,1338.5,18.03
2298,754,79,4,2999.81,48.56
2299,754,59,2,3735.33,100.0
2300,755,218,3,4988.27,17.86
2301,756,252,5,833.43,11.0
2302,756,48,1,889.9,29.13
2303,756,26,1,4056.89,42.31
2304,756,187,5,3401.12,17.8
2305,756,144,1,4646.9,37.82
2306,757,125,5,3724.63,27.19
2307,757,269,1,4154.07,33.72
2308,757,129,3,4783.7,43.6
2309,757,218,2,3291.66,3.79
2310,758,123,4,798.55,18.07
2311,758,140,2,2908.88,44.64
2312,758,167,1,4299.41,45.66
2313,758,172,3,2849.61,49.99
2314,758,179,5,4366.69,8.5
2315,759,134,1,1271.15,33.82
2316,759,236,3,2682.71,14.17
2317,759,206,4,4205.54,5.7
2318,760,66,4,723.21,36.38
2319,761,264,1,498.73,35.37
2320,761,164,3,3119.24,30.43
2321,761,113,4,3774.91,14.23
2322,761,109,5,2385.53,3.36
2323,761,82,2,3512.59,24.12
2324,762,222,3,3360.78,28.74
2325,762,300,4,997.57,38.41
2326,762,2,3,1316.16,100.0
2327,763,166,2,1645.54,6.12
2328,763,196,3,4755.44,29.44
2329,763,69,4,4532.21,28.02
2330,763,292,4,1190.79,22.74
2331,763,151,5,4959.73,17.99
2332,764,55,2,588.45,27.51
2333,764,29,5,2588.12,29.76
2334,764,142,1,2402.62,13.57
2335,765,8,5,2710.74,38.43
2336,766,300,2,834.99,8.25
2337,766,12,1,3982.8,19.87
2338,766,229,3,2500.59,24.95
2339,766,71,5,2279.59,47.91
2340,767,177,4,771.61,46.92
2341,768,207,5,3335.49,41.51
2342,768,244,5,1858.52,4.55
2343,768,59,1,2724.88,29.35
2344,769,8,3,3387.0,30.19
2345,769,67,1,2720.1,38.47
2346,769,67,3,1029.55,23.09
2347,769,256,1,826.74,44.21
2348,770,259,4,493.42,39.93
2349,770,236,5,2075.12,13.07
2350,771,176,5,2612.44,30.43
2351,771,256,1,4208.23,23.28
2352,771,34,3,4397.12,16.5
2353,771,86,1,3946.81,33.39
2354,772,83,3,2502.14,49.28
2355,772,46,2,3484.63,31.61
2356,772,249,2,2020.49,3.8
2357,772,138,3,1143.07,29.01
2358,773,30,4,940.66,40.27
2359,773,57,5,2090.2,42.16
2360,773,249,4,3400.42,44.85
2361,774,234,2,3416.75,4.44
2362,774,195,2,2016.99,20.51
2363,774,154,2,2304.3,4.74
2364,775,224,2,2839.62,37.15
2365,775,244,3,3086.79,0.5
2366,775,125,5,4939.67,15.47
2367,775,242,2,4827.11,24.0
2368,775,74,4,2373.75,45.03
2369,776,145,5,591.76,26.84
2370,776,229,3,4969.07,17.11
2371,776,277,2,2728.7,44.98
2372,776,148,4,2396.33,30.94
2373,776,78,1,356.86,7.18
2374,777,31,5,790.59,36.87
2375,777,272,2,1147.94,6.69
2376,777,137,5,2914.18,5.38
2377,778,1,1,516.7,25.52
2378,778,52,4,932.55,26.63
2379,778,162,2,2949.61,40.86
2380,779,93,5,275.47,26.69
2381,779,160,5,4317.05,48.62
2382,779,144,2,4616.33,42.83
2383,779,133,3,4982.79,46.28
2384,780,106,1,1037.65,49.1
2385,780,81,3,2748.35,35.03
2386,780,117,3,2881.26,2.53
2387,781,134,3,4407.24,19.85
2388,781,76,2,2492.27,40.89
2389,781,48,2,3877.58,40.17
2390,781,106,3,4795.62,41.38
2391,781,210,4,2028.78,37.12
2392,782,275,1,1736.66,3.71
2393,782,39,3,4974.39,0.16
2394,782,66,2,2275.05,18.85
2395,782,56,3,623.73,44.63
2396,783,41,5,3869.88,37.73
2397,783,203,3,2076.88,48.89
2398,783,15,1,3654.12,11.88
2399,783,172,4,4382.04,46.83
2400,783,277,2,3790.66,34.8
2401,784,267,2,1320.5,46.8
2402,784,72,5,2472.65,25.51
2403,785,21,5,1162.18,5.85
2404,785,234,3,1669.43,32.91
2405,786,120,1,1682.21,24.54
2406,786,267,3,1353.44,28.2
2407,786,73,5,2945.38,48.29
2408,786,4,4,1001.59,26.46
2409,787,29,3,1730.01,10.43
2410,787,265,1,680.33,31.65
2411,787,288,1,2496.95,4.36
2412,787,279,5,324.83,45.33
2413,787,94,1,485.51,2.83
2414,788,273,2,3437.2,21.52
2415,788,174,5,4761.0,16.97
2416,788,50,2,3782.42,24.21
2417,789,117,2,1392.37,27.55
2418,790,20,2,938.44,3.46
2419,790,226,2,3941.34,44.02
2420,791,10,4,3242.02,27.36
2421,791,70,1,1295.52,12.73
2422,791,47,2,2832.54,42.58
2423,792,43,4,1460.96,16.68
2424,792,250,5,4024.18,25.35
2425,792,159,1,4495.46,20.29
2426,793,248,1,1652.48,2.86
2427,794,274,4,4308.05,46.81
2428,794,292,4,2349.19,49.47
2429,1500,100,4,2975.01,34.23
2430,795,28,5,1268.6,34.7
2431,795,86,5,1341.57,39.99
2432,795,85,3,3126.43,1.39
2433,795,231,5,1582.22,5.14
2434,796,243,5,1502.09,28.58
2435,796,80,3,1910.8,0.1
2436,797,188,5,878.27,14.71
2437,797,154,5,3876.75,9.05
2438,797,163,5,1129.33,13.03
2439,797,166,2,3184.79,18.54
2440,798,186,5,3258.56,12.32
2441,799,160,1,4296.54,39.6
2442,799,272,2,2313.04,24.55
2443,800,1,5,3325.14,41.85
2444,800,153,3,4964.53,26.52
2445,1500,25,5,1892.07,17.62
2446,800,291,5,1515.86,7.18
2447,800,185,3,3302.5,34.45
2448,801,105,5,3869.77,26.1
2449,802,123,1,2312.68,40.63
2450,802,36,3,4659.68,29.41
2451,802,232,4,629.04,11.5
2452,802,244,3,3153.56,9.34
2453,802,32,2,4525.26,17.74
2454,803,292,5,1266.76,46.73
2455,803,237,1,1581.04,27.08
2456,803,220,4,1174.17,27.07
2457,804,109,3,1365.43,35.08
2458,804,228,5,3570.76,11.57
2459,805,236,4,3633.69,18.22
2460,805,95,3,3952.49,12.31
2461,805,35,3,4149.26,24.56
2462,805,130,3,233.47,8.47
2463,805,298,5,2493.1,32.01
2464,806,142,5,4779.25,18.38
2465,806,16,2,1144.23,40.27
2466,806,36,3,410.77,15.05
2467,806,277,1,3408.87,12.83
2468,807,124,3,751.02,25.63
2469,808,92,5,4452.5,40.41
2470,808,165,5,4422.2,39.4
2471,808,179,4,3865.3,6.71
2472,808,235,5,4807.18,20.95
2473,809,292,2,4030.77,47.41
2474,809,252,1,4936.74,3.25
2475,809,123,1,3224.84,14.03
2476,809,41,1,3856.44,20.12
2477,810,1,3,1630.14,20.01
2478,810,265,1,4902.91,49.73
2479,810,256,1,3013.54,15.41
2480,810,20,4,4114.96,45.27
2481,810,4,1,1247.63,1.08
2482,811,291,1,4736.69,49.63
2483,811,211,4,1307.81,28.11
2484,811,284,1,3105.73,27.77
2485,812,9,1,845.75,26.82
2486,813,183,2,3709.83,10.99
2487,814,110,2,492.13,15.61
2488,814,269,1,508.16,38.78
2489,814,136,2,3202.19,9.62
2490,815,173,1,3750.48,21.79
2491,815,26,1,2674.94,35.46
2492,815,172,5,3407.11,6.55
2493,815,123,1,4100.27,6.58
2494,815,187,1,1058.58,9.13
2495,816,30,2,4262.9,26.16
2496,817,194,4,4314.36,0.89
2497,817,43,1,212.28,41.53
2498,817,127,2,3309.21,37.32
2499,818,291,1,1605.47,14.97
2500,819,233,3,3248.49,9.6
2501,819,91,5,1999.39,21.23
2502,819,164,5,984.22,25.23
2503,819,208,2,3444.69,44.5
2504,820,64,2,346.25,15.48
2505,820,43,3,4727.29,100.0
2506,820,158,3,1688.08,100.0
2507,820,153,3,3938.98,41.82
2508,820,298,1,4327.37,46.73
2509,821,197,1,3406.67,33.11
2510,821,155,3,1688.95,25.48
2511,821,198,1,4594.15,19.66
2512,822,294,1,1697.07,36.94
2513,822,60,1,4235.45,14.92
2514,822,198,4,2048.97,14.98
2515,823,103,5,1307.1,40.33
2516,823,113,5,3967.41,100.0
2517,823,39,1,1997.28,44.11
2518,824,248,4,3909.42,28.79
2519,824,203,3,583.25,37.53
2520,825,141,5,647.96,35.41
2521,825,187,3,4892.28,1.98
2522,825,64,2,2215.27,28.28
2523,825,223,2,3414.13,5.54
2524,826,159,5,2098.81,17.18
2525,827,191,5,507.22,14.32
2526,827,176,3,3901.63,40.63
2527,828,272,4,1332.5,18.68
2528,828,169,5,2053.24,43.32
2529,829,30,4,1953.39,13.17
2530,830,122,1,243.39,3.08
2531,830,179,1,1125.42,38.42
2532,830,181,4,4561.79,36.69
2533,830,211,2,4579.19,46.77
2534,831,176,1,1742.46,23.42
2535,831,164,3,4065.03,38.34
2536,831,126,1,3224.23,5.32
2537,832,176,4,4179.78,34.17
2538,833,126,4,4895.57,21.79
2539,833,184,3,662.51,3.52
2540,833,221,3,1460.25,47.37
2541,833,123,5,1755.55,37.7
2542,833,48,4,569.82,36.86
2543,834,251,1,2800.84,17.45
2544,834,183,5,561.84,42.66
2545,834,140,4,3108.29,28.69
2546,834,273,1,2504.13,49.59
2547,834,7,2,2815.57,44.54
2548,835,141,1,2594.54,48.07
2549,835,162,3,4585.05,33.31
2550,835,270,2,979.59,18.23
2551,835,233,1,1100.04,43.77
2552,836,19,3,3781.05,16.47
2553,836,47,5,4376.72,22.74
2554,837,64,5,2291.06,5.13
2555,1500,255,3,990.05,12.45
2556,837,170,5,3336.24,100.0
2557,837,154,5,4460.05,24.53
2558,838,15,2,1829.59,8.02
2559,838,185,5,2331.14,7.37
2560,838,245,1,4479.46,5.52
2561,838,85,1,4364.06,30.56
2562,838,142,3,4484.29,30.03
2563,839,144,1,297.96,1.7
2564,839,275,1,4001.59,24.92
2565,839,234,5,4703.07,22.6
2566,839,168,1,3369.26,24.52
2567,839,89,2,1463.78,7.87
2568,840,51,3,2231.66,48.48
2569,840,253,3,2111.59,32.4
2570,840,294,3,986.98,8.93
2571,840,101,2,973.79,18.07
2572,841,63,5,3377.8,10.73
2573,842,300,2,4013.33,49.35
2574,843,35,2,2955.56,14.68
2575,843,224,3,2296.22,30.93
2576,844,1,2,313.46,11.82
2577,844,53,5,1650.61,6.36
2578,844,32,4,2986.01,7.09
2579,844,255,4,2065.54,39.51
2580,844,195,1,4332.19,25.18
2581,845,203,2,472.4,16.54
2582,846,48,3,4670.52,28.66
2583,847,60,3,2589.13,38.98
2584,848,177,3,4597.32,15.26
2585,849,141,4,3981.52,11.25
2586,850,229,5,448.86,38.68
2587,850,5,1,2099.48,35.19
2588,850,27,5,2655.0,11.2
2589,850,157,2,3513.65,27.6
2590,850,263,1,3537.73,46.89
2591,851,264,4,727.83,1.83
2592,852,231,3,3913.22,35.3
2593,852,191,5,4189.98,41.76
2594,852,292,4,1586.05,26.73
2595,852,127,5,3554.96,4.18
2596,853,239,4,1395.23,49.85
2597,853,266,3,834.58,46.54
2598,853,174,5,2999.72,42.52
2599,853,176,5,4033.09,6.23
2600,853,233,4,2998.97,10.66
2601,854,261,2,3188.34,44.58
2602,854,85,3,1878.61,29.06
2603,854,261,3,3085.9,20.87
2604,854,181,4,4718.61,23.86
2605,854,221,5,1529.1,3.49
2606,855,202,5,3589.8,38.53
2607,855,205,3,2279.57,47.81
2608,855,187,3,1572.46,5.29
2609,856,55,1,2665.73,42.46
2610,856,285,5,1123.73,37.29
2611,856,244,3,2658.82,2.13
2612,856,144,1,295.61,46.95
2613,857,158,2,4815.67,15.88
2614,857,122,2,3608.39,26.41
2615,857,130,1,4332.33,20.63
2616,857,182,3,1018.27,17.02
2617,858,204,2,3563.26,15.83
2618,858,66,4,863.72,0.65
2619,858,270,2,1860.16,25.54
2620,858,167,5,429.9,8.25
2621,859,123,5,1480.9,19.03
2622,859,244,4,3060.44,36.37
2623,859,219,5,3359.32,37.99
2624,859,145,4,791.33,11.09
2625,860,209,4,3474.79,7.14
2626,860,140,5,978.01,10.16
2627,861,44,5,1555.81,36.69
2628,861,103,2,1308.37,22.97
2629,861,49,2,1679.95,45.86
2630,862,47,2,2740.24,34.57
2631,862,101,3,1649.45,7.42
2632,863,260,1,2761.14,14.84
2633,864,265,5,1248.92,25.25
2634,865,195,2,2138.57,39.25
2635,865,265,2,1730.88,8.44
2636,865,257,4,1557.23,18.17
2637,865,91,3,422.94,16.0
2638,866,126,5,290.03,6.09
2639,867,107,1,2513.98,36.96
2640,868,60,2,2343.19,5.13
2641,869,222,4,1734.0,43.3
2642,869,263,1,3918.76,14.6
2643,869,78,4,3660.3,24.78
2644,870,68,4,4802.84,41.26
2645,870,262,3,4534.88,26.66
2646,871,13,5,482.1,15.94
2647,871,8,3,655.79,23.97
2648,871,107,5,1008.14,41.56
2649,871,25,5,4897.25,41.63
2650,872,72,3,1685.8,23.37
2651,872,33,2,2716.32,17.06
2652,873,210,3,4038.87,4.75
2653,873,244,4,2322.41,45.57
2654,873,238,4,4590.24,0.25
2655,873,180,4,1517.06,32.93
2656,874,288,5,3483.73,13.23
2657,874,141,3,759.89,30.09
2658,874,86,2,1262.41,20.81
2659,875,279,5,1642.93,27.63
2660,875,37,2,4467.37,35.31
2661,876,53,3,4004.49,37.48
2662,876,253,1,2829.4,21.43
2663,876,77,3,4720.23,15.94
2664,876,87,3,4132.53,7.91
2665,877,276,1,4942.67,10.29
2666,877,263,5,4057.96,0.26
2667,877,272,5,813.69,10.66
2668,1500,146,1,665.05,5.17
2669,878,177,3,2309.55,28.94
2670,878,194,3,1048.15,4.31
2671,878,99,4,2556.4,28.88
2672,878,213,1,1842.28,36.82
2673,879,114,2,970.05,34.42
2674,879,97,4,1747.33,1.08
2675,879,15,4,1700.27,4.34
2676,879,192,1,3570.13,48.39
2677,879,127,4,1037.45,46.87
2678,880,279,3,2946.31,15.24
2679,880,84,2,4208.7,39.68
2680,880,69,4,729.72,21.97
2681,880,282,4,4604.68,20.69
2682,881,262,5,3676.62,48.08
2683,881,6,1,2981.74,0.44
2684,881,26,1,4533.74,30.16
2685,881,14,2,2956.14,35.43
2686,881,299,4,2888.87,41.32
2687,882,138,2,2097.98,18.87
2688,882,230,2,1764.67,23.07
2689,883,108,3,452.19,22.32
2690,883,7,4,1770.11,24.93
2691,884,264,2,4268.1,40.3
2692,884,221,4,2347.85,11.41
2693,885,291,2,557.02,11.52
2694,885,178,1,1995.85,27.1
2695,885,182,3,1891.45,43.55
2696,885,76,2,3490.4,21.94
2697,886,82,2,4946.07,16.58
2698,886,24,5,238.92,19.1
2699,886,126,3,408.97,49.78
2700,886,188,5,1456.42,100.0
2701,886,11,4,1387.38,100.0
2702,887,66,4,4846.74,38.48
2703,887,201,4,2966.1,47.61
2704,888,299,5,2141.67,23.09
2705,888,155,2,3279.41,22.39
2706,888,24,3,2545.09,3.66
2707,888,117,5,3411.72,25.05
2708,888,149,3,315.56,17.1
2709,889,82,2,1591.5,22.47
2710,889,246,1,4624.6,24.77
2711,890,6,4,796.07,7.61
2712,890,36,4,1924.21,42.79
2713,890,270,5,4032.14,4.89
2714,890,241,5,4022.7,16.81
2715,890,266,4,3228.26,21.28
2716,891,110,1,4078.25,9.32
2717,891,199,1,2646.57,38.76
2718,891,167,4,2035.04,100.0
2719,891,121,3,4556.66,100.0
2720,892,231,4,4925.09,25.82
2721,892,34,5,2119.94,43.37
2722,893,234,2,2457.45,49.23
2723,893,92,3,1681.94,25.97
2724,893,118,2,3470.75,14.11
2725,894,244,2,4962.35,35.77
2726,894,244,1,1736.11,2.55
2727,894,20,1,4302.53,37.07
2728,895,78,4,2237.45,36.45
2729,895,68,3,4629.18,45.34
2730,896,182,4,3975.23,28.88
2731,896,132,3,3281.5,28.28
2732,896,19,5,4631.67,35.77
2733,897,298,4,1264.23,5.13
2734,897,23,3,1084.23,0.61
2735,897,74,3,1837.26,7.87
2736,898,45,2,1010.81,19.74
2737,1500,198,2,3285.86,6.77
2738,898,174,1,3516.58,30.58
2739,898,56,1,2886.65,47.62
2740,898,50,4,2095.58,5.56
2741,899,14,5,2211.53,44.64
2742,899,226,3,4015.13,5.35
2743,899,106,2,239.71,49.92
2744,900,177,3,3176.04,43.41
2745,900,272,1,603.53,43.86
2746,900,161,4,2536.55,35.22
2747,900,102,3,2555.63,29.18
2748,900,219,2,4375.29,24.83
2749,901,197,2,2245.91,13.8
2750,902,118,1,776.64,19.4
2751,902,119,3,1225.32,31.24
2752,902,204,2,2697.53,17.24
2753,902,300,3,1318.75,14.96
2754,902,30,5,688.91,39.68
2755,903,283,2,2925.19,16.15
2756,904,155,1,3962.49,8.05
2757,904,178,1,2047.53,20.69
2758,904,111,3,1020.31,28.34
2759,904,105,3,380.31,20.7
2760,905,108,5,978.85,16.15
2761,906,214,4,1379.7,9.08
2762,906,14,4,3968.76,4.88
2763,906,41,1,1143.77,2.56
2764,906,5,4,1735.77,33.26
2765,906,45,4,241.25,45.43
2766,907,175,1,3251.59,3.79
2767,908,285,2,1259.01,42.77
2768,909,120,1,2625.71,48.3
2769,909,44,3,3996.4,20.46
2770,909,211,4,2098.37,14.1
2771,909,247,3,2161.78,33.36
2772,910,114,4,3359.3,100.0
2773,910,63,1,1791.03,10.36
2774,910,278,5,3449.88,48.87
2775,910,125,3,698.98,18.05
2776,911,170,2,4742.09,17.36
2777,912,138,4,2750.03,43.77
2778,912,266,5,626.81,47.53
2779,913,64,5,793.99,39.93
2780,913,192,1,3834.71,11.92
2781,913,238,1,3156.75,8.08
2782,913,256,1,1343.5,40.81
2783,914,177,1,3524.35,23.78
2784,914,297,1,4474.55,37.67
2785,914,20,1,2060.87,25.19
2786,914,129,4,1301.38,44.62
2787,914,87,3,4332.25,3.25
2788,915,144,1,2342.92,37.36
2789,915,143,3,2442.14,1.81
2790,915,245,5,1469.91,48.67
2791,915,150,1,784.11,4.41
2792,916,289,4,1233.08,5.54
2793,916,31,1,412.53,10.0
2794,917,159,5,2936.71,46.3
2795,917,106,1,1793.58,24.53
2796,917,171,3,1872.71,14.96
2797,917,236,2,1481.79,17.95
2798,918,261,5,3702.74,5.34
2799,918,254,1,4910.14,49.91
2800,918,198,5,4053.69,25.06
2801,918,33,3,4192.16,40.05
2802,918,45,3,761.51,9.43
2803,919,40,1,729.76,17.94
2804,919,166,4,3883.2,37.57
2805,919,207,1,4979.01,48.5
2806,919,94,2,3530.83,49.67
2807,920,91,5,3746.51,4.06
2808,921,118,1,2847.59,35.01
2809,922,184,2,4020.69,45.31
2810,922,195,3,4235.34,39.93
2811,922,50,4,3071.82,11.15
2812,922,6,3,3115.65,38.24
2813,923,184,2,3009.95,43.3
2814,923,148,4,3743.05,18.5
2815,923,21,5,4976.81,29.03
2816,923,288,3,670.17,17.65
2817,923,258,4,1759.04,14.6
2818,924,178,3,2824.01,12.14
2819,924,264,4,3833.03,30.95
2820,924,123,5,4113.4,13.57
2821,924,144,1,3335.16,39.52
2822,924,104,5,3250.8,8.26
2823,925,11,4,500.51,28.09
2824,926,173,3,2474.08,48.09
2825,926,212,3,904.92,47.9
2826,926,107,1,3777.64,32.79
2827,926,123,2,4985.12,46.19
2828,926,12,5,3325.47,12.74
2829,927,278,4,625.07,23.13
2830,927,289,4,571.27,5.99
2831,927,174,2,1475.67,23.64
2832,928,88,2,1795.21,12.08
2833,928,122,1,1399.49,42.86
2834,929,110,2,3674.48,37.9
2835,929,300,3,4348.5,16.07
2836,929,36,2,4595.71,5.03
2837,929,168,5,2389.95,18.4
2838,930,35,4,638.99,38.75
2839,931,256,4,951.76,31.55
2840,931,27,1,214.52,13.17
2841,931,221,4,1789.94,33.08
2842,931,68,4,4480.45,1.96
2843,932,83,2,4014.99,6.03
2844,932,64,3,2209.56,17.81
2845,932,127,4,854.4,26.33
2846,932,202,2,1649.86,27.68
2847,932,292,1,2603.23,6.98
2848,933,174,3,2865.16,33.35
2849,1500,32,3,1042.98,19.31
2850,934,113,2,2298.29,41.44
2851,934,180,3,418.14,39.58
2852,934,120,4,4314.63,15.76
2853,934,18,4,1239.19,9.42
2854,934,178,3,3738.47,13.1
2855,935,66,3,1569.44,6.98
2856,935,71,2,569.94,44.7
2857,936,254,1,2415.3,1.34
2858,936,65,2,397.89,11.92
2859,936,108,4,1974.59,20.98
2860,936,80,4,1583.27,36.61
2861,936,265,1,2633.2,18.52
2862,937,166,3,878.19,20.03
2863,937,77,1,1574.95,27.48
2864,937,13,2,2313.1,3.82
2865,938,162,2,2994.2,17.27
2866,938,56,1,1492.67,19.08
2867,939,75,3,4538.29,39.7
2868,940,26,4,1550.6,33.44
2869,940,154,2,2352.69,10.51
2870,941,139,5,2941.36,25.75
2871,942,181,1,3502.47,49.63
2872,942,120,2,1702.17,100.0
2873,942,51,4,2238.77,9.51
2874,942,38,1,4427.92,25.74
2875,942,158,1,3051.32,24.46
2876,943,95,3,2445.54,35.69
2877,943,29,3,4910.61,10.36
2878,943,64,3,407.26,16.38
2879,943,27,1,4111.82,18.61
2880,943,87,2,4112.81,22.12
2881,944,58,3,2916.14,4.12
2882,944,55,4,3992.75,14.05
2883,944,137,4,1644.39,31.42
2884,945,146,5,847.61,4.55
2885,945,232,3,355.64,3.27
2886,946,281,5,2525.55,22.87
2887,946,84,4,3919.28,49.53
2888,946,64,2,3626.18,18.2
2889,946,140,3,2171.29,45.61
2890,947,79,3,4340.83,8.98
2891,947,181,5,3719.31,29.96
2892,948,298,1,2075.88,22.54
2893,948,157,3,3982.75,43.36
2894,948,43,5,4641.6,22.57
2895,949,138,2,1780.04,2.77
2896,949,228,5,4180.18,8.54
2897,950,114,2,721.61,36.33
2898,951,297,3,3111.89,41.75
2899,951,207,1,1885.41,28.4
2900,951,281,3,558.85,25.16
2901,951,153,1,3281.72,15.71
2902,952,257,2,3324.25,24.48
2903,952,168,4,688.39,19.78
2904,952,109,3,3497.71,3.3
2905,952,77,3,3792.66,40.35
2906,953,267,1,657.38,32.48
2907,953,290,1,336.52,45.27
2908,953,12,1,489.01,48.13
2909,953,2,2,3146.2,38.69
2910,954,182,4,2510.45,28.32
2911,954,111,4,3279.26,32.8
2912,954,174,4,3041.15,32.33
2913,954,159,4,1153.48,40.92
2914,955,31,2,408.13,31.46
2915,955,4,4,3354.96,6.39
2916,955,182,1,2521.53,8.53
2917,956,289,4,2549.92,2.93
2918,956,134,3,4370.59,46.96
2919,956,73,4,4622.99,36.85
2920,957,144,1,2237.92,36.03
2921,957,74,1,1018.26,35.68
2922,957,224,4,4768.38,32.03
2923,957,34,3,1627.46,21.94
2924,957,215,3,2767.04,15.93
2925,958,217,1,2788.71,14.24
2926,958,111,2,3533.61,25.23
2927,959,298,2,599.11,3.4
2928,959,267,5,3202.34,47.23
2929,959,250,4,1303.86,49.42
2930,960,67,5,2020.74,4.03
2931,960,60,1,3270.9,20.06
2932,961,104,2,340.32,37.44
2933,961,114,1,3711.48,2.2
2934,962,294,5,3433.99,15.87
2935,962,279,5,204.35,31.78
2936,962,176,4,743.76,45.97
2937,962,197,4,1677.65,6.75
2938,963,16,3,1053.51,23.16
2939,963,283,2,1323.03,7.46
2940,963,221,4,4213.08,6.93
2941,963,156,4,2925.84,10.56
2942,963,277,5,4594.83,15.77
2943,964,14,5,3558.37,8.7
2944,964,57,5,1657.74,45.07
2945,964,241,3,3604.11,30.03
2946,965,72,3,3850.0,33.08
2947,965,156,1,3154.66,39.49
2948,966,75,2,4813.41,22.81
2949,967,61,2,4901.39,49.79
2950,967,9,5,1405.4,10.38
2951,968,182,5,3023.2,28.18
2952,968,209,5,646.35,4.93
2953,968,191,5,3413.95,18.32
2954,968,282,1,3047.94,49.08
2955,968,244,2,1860.71,9.74
2956,969,287,5,4438.17,46.32
2957,969,27,5,4828.55,2.05
2958,969,15,4,541.04,18.42
2959,969,252,3,3872.75,23.23
2960,970,242,4,3117.85,37.56
2961,970,123,4,3896.59,17.77
2962,970,219,5,1537.56,35.34
2963,971,95,2,3568.35,23.57
2964,972,124,4,2823.85,16.38
2965,972,39,3,3299.92,21.37
2966,973,251,2,213.4,40.05
2967,973,93,4,3570.33,37.51
2968,973,234,4,1513.14,43.99
2969,973,196,2,830.46,13.17
2970,973,188,1,2904.51,48.79
2971,974,56,5,3810.68,23.01
2972,974,36,5,1539.96,15.4
2973,974,169,4,4061.09,10.15
2974,975,146,4,2816.68,16.77
2975,976,4,4,3982.08,19.57
2976,976,159,4,1496.34,43.63
2977,976,277,4,1285.91,5.59
2978,977,165,1,1385.82,26.76
2979,978,144,5,260.89,38.44
2980,978,293,1,3871.67,100.0
2981,978,83,4,1590.54,27.66
2982,978,262,2,883.79,38.38
2983,978,201,4,1346.32,32.81
2984,979,67,4,2644.59,12.56
2985,980,57,4,2456.79,20.04
2986,980,101,3,4982.14,20.81
2987,981,53,4,1535.82,100.0
2988,982,194,5,353.64,40.34
2989,982,97,1,4313.17,23.48
2990,982,202,1,698.55,47.91
2991,983,7,3,2090.36,44.88
2992,1500,199,2,2468.47,24.72
2993,984,20,2,1383.66,26.01
2994,985,74,2,2992.06,43.51
2995,986,279,3,3231.82,2.14
2996,986,225,4,2502.86,37.11
2997,987,291,5,1480.06,21.47
2998,988,295,4,3254.23,28.62
2999,988,45,2,3981.51,4.92
3000,988,220,1,1008.9,35.28
3001,988,194,2,4420.91,46.43
3002,989,70,3,1500.31,11.05
3003,989,239,3,3312.22,8.36
3004,989,294,4,1246.29,38.04
3005,989,41,2,2040.73,14.99
3006,990,223,1,2765.5,49.43
3007,990,65,5,4363.5,5.32
3008,991,249,2,539.88,11.5
3009,991,97,2,3660.55,11.07
3010,991,292,2,2677.97,4.07
3011,992,103,5,1067.46,17.38
3012,993,282,5,4236.66,5.92
3013,994,108,3,4719.25,48.36
3014,994,27,1,2637.31,21.31
3015,995,183,2,1555.07,42.1
3016,995,216,5,2262.95,29.34
3017,995,163,2,3445.96,42.89
3018,995,179,2,2388.18,7.82
3019,996,28,4,3190.23,37.55
3020,996,249,1,2108.91,5.21
3021,996,77,2,2187.1,22.23
3022,996,88,3,3030.45,100.0
3023,997,153,4,575.84,35.53
3024,997,287,1,3712.33,21.25
3025,997,196,4,1197.3,0.42
3026,998,14,3,2288.17,46.09
3027,998,219,2,3736.28,5.39
3028,998,51,4,2755.71,47.91
3029,999,132,1,4098.68,22.42
3030,999,88,5,3869.81,43.3
3031,999,296,2,2037.34,30.96
3032,1000,10,1,4933.0,19.28
3033,1000,81,1,986.59,47.98
3034,1000,41,2,2033.86,13.13
3035,1000,41,2,1305.08,33.21
