order_id,customer_id,order_date,status,payment_method,shipping_cost,region
1,62.0,2025-12-07 19:22:17,PLACED,UPI,174.18,South
2,25.0,2025-11-01 14:57:33,PLACED,COD,154.91,West
3,407.0,2025-04-03 18:18:08,RETURNED,CARD,68.99,West
4,406.0,2025-04-29 22:28:00,DELIVERED,NETBANKING,62.33,West
5,75.0,2024-07-29 04:46:29,CANCELLED,CARD,88.7,South
6,299.0,2026-05-04 07:06:07,RETURNED,NETBANKING,237.77,North
7,146.0,2026-03-05 10:51:46,RETURNED,CARD,207.41,South
8,196.0,2025-09-21 15:03:57,CANCELLED,COD,76.44,East
9,149.0,2025-01-07 00:58:11,RETURNED,UPI,159.12,West
10,25.0,2026-04-14 14:37:08,PLACED,CARD,54.57,West
11,257.0,2025-10-27 15:28:50,CANCELLED,NETBANKING,243.77,West
12,2.0,2024-07-14 22:34:34,SHIPPED,COD,247.73,North
13,399.0,2025-06-24 13:36:17,SHIPPED,CARD,212.59,North
14,413.0,2024-09-02 16:58:49,RETURNED,COD,128.91,North
15,105.0,2025-11-11 17:14:07,SHIPPED,UPI,218.41,South
16,,2025-10-21 19:16:58,PLACED,UPI,97.61,West
17,471.0,2025-10-22 00:16:15,DELIVERED,COD,199.87,South
18,,2026-03-02 21:46:44,CANCELLED,CARD,95.85,West
19,332.0,2026-03-16 07:19:42,DELIVERED,UPI,48.61,East
20,150.0,2025-04-11 22:38:41,CANCELLED,CARD,194.52,South
21,201.0,2025-05-23 14:51:40,DELIVERED,CARD,211.81,West
22,374.0,2025-01-29 11:54:38,PLACED,NETBANKING,224.46,East
23,468.0,2024-12-03 12:08:14,CANCELLED,CARD,44.15,North
24,468.0,2025-12-17 23:54:11,PLACED,UPI,102.85,West
25,242.0,2025-06-20 02:41:37,RETURNED,UPI,57.86,East
26,,2025-06-12 01:10:38,DELIVERED,NETBANKING,237.38,South
27,79.0,2025-10-13 08:58:32,PLACED,UPI,92.67,East
28,188.0,2025-06-11 10:35:30,SHIPPED,COD,201.0,South
29,,2025-08-12 03:44:33,SHIPPED,COD,192.3,West
30,228.0,2025-08-02 16:23:15,DELIVERED,NETBANKING,112.12,West
31,369.0,2025-09-04 14:11:32,PLACED,COD,161.56,West
32,476.0,2025-07-29 19:15:18,PLACED,CARD,123.65,North
33,93.0,2026-06-06 18:58:17,SHIPPED,UPI,166.46,South
34,137.0,2025-08-18 17:32:53,PLACED,NETBANKING,119.56,East
35,171.0,2025-01-16 16:16:20,DELIVERED,NETBANKING,189.52,East
36,81.0,2024-07-26 04:45:57,SHIPPED,UPI,140.33,West
37,436.0,2024-09-22 00:09:58,RETURNED,NETBANKING,184.4,South
38,160.0,2025-04-03 01:15:34,DELIVERED,CARD,69.09,West
39,220.0,2025-01-01 00:33:25,DELIVERED,UPI,239.43,East
40,316.0,2025-09-18 22:33:12,SHIPPED,NETBANKING,100.69,West
41,482.0,2026-06-20 17:44:31,DELIVERED,NETBANKING,198.95,West
42,53.0,2025-10-18 00:33:21,RETURNED,COD,122.24,North
43,202.0,2025-11-30 08:08:36,CANCELLED,NETBANKING,115.0,East
44,375.0,2025-12-05 17:56:54,DELIVERED,NETBANKING,151.1,South
46,193.0,2025-02-11 20:19:15,RETURNED,CARD,225.13,North
47,410.0,2026-03-09 18:46:53,SHIPPED,COD,76.47,East
48,86.0,2024-12-10 03:16:49,DELIVERED,UPI,187.23,South
49,74.0,2026-02-24 21:44:16,PLACED,NETBANKING,115.72,South
50,69.0,2026-06-20 03:02:12,RETURNED,CARD,142.75,South
51,140.0,2025-01-13 01:14:48,PLACED,CARD,120.57,South
52,48.0,2026-06-09 13:13:19,DELIVERED,UPI,222.2,South
53,246.0,2025-11-19 08:31:51,PLACED,NETBANKING,206.43,North
54,167.0,2026-02-04 00:35:11,PLACED,COD,51.63,North
55,470.0,2026-06-07 07:47:01,DELIVERED,COD,58.28,West
56,279.0,2024-12-02 22:24:14,SHIPPED,COD,102.85,East
57,297.0,2026-01-13 10:33:58,RETURNED,CARD,144.39,South
58,,2025-04-02 13:39:48,CANCELLED,CARD,165.92,West
59,190.0,2026-05-14 19:35:37,SHIPPED,UPI,87.74,West
60,475.0,2024-11-02 11:17:48,PLACED,UPI,88.43,South
61,151.0,2025-11-29 14:25:12,CANCELLED,UPI,243.28,East
62,448.0,2026-02-28 00:17:48,PLACED,UPI,243.7,West
63,491.0,2025-11-26 15:39:37,PLACED,COD,197.52,South
64,8.0,2024-11-24 14:52:49,PLACED,NETBANKING,64.16,North
65,481.0,2025-11-26 17:58:02,PLACED,COD,54.17,North
66,452.0,2025-03-25 18:17:26,CANCELLED,NETBANKING,230.34,South
67,12.0,2025-07-24 00:30:30,CANCELLED,NETBANKING,159.79,West
68,413.0,2025-07-30 08:22:19,RETURNED,COD,244.33,North
69,130.0,2025-05-31 10:14:26,CANCELLED,NETBANKING,44.84,West
70,291.0,2025-04-10 22:32:28,DELIVERED,UPI,139.53,East
71,33.0,2025-05-31 05:05:11,DELIVERED,UPI,222.54,South
72,337.0,2025-04-30 16:04:25,SHIPPED,UPI,156.75,South
74,304.0,2025-12-03 04:23:51,DELIVERED,CARD,155.26,West
75,187.0,2026-06-26 09:41:03,PLACED,COD,188.64,West
76,120.0,2026-06-23 18:04:39,DELIVERED,UPI,204.7,South
77,231.0,2025-10-09 23:20:18,DELIVERED,COD,0.0,West
78,404.0,2025-11-12 18:33:08,RETURNED,CARD,154.17,North
79,87.0,2024-11-06 15:45:46,RETURNED,CARD,188.99,South
80,422.0,2025-04-27 18:00:47,RETURNED,NETBANKING,236.23,East
81,99.0,2025-03-21 11:14:28,PLACED,COD,112.72,North
82,481.0,2024-09-25 17:44:09,PLACED,UPI,239.58,North
83,156.0,2026-07-12 08:39:02,CANCELLED,UPI,170.81,West
85,417.0,2025-05-14 09:14:30,PLACED,NETBANKING,76.94,North
86,471.0,2025-05-08 09:47:48,RETURNED,CARD,164.84,North
87,2.0,2024-11-04 11:17:11,CANCELLED,NETBANKING,230.77,North
88,3.0,2025-03-02 22:04:35,SHIPPED,CARD,144.32,North
89,393.0,2025-03-01 07:53:46,RETURNED,CARD,100.42,West
90,299.0,2025-02-15 21:58:06,PLACED,CARD,72.97,North
91,140.0,2025-04-09 20:01:55,RETURNED,UPI,212.04,North
92,381.0,2025-06-21 11:05:25,CANCELLED,UPI,159.46,East
93,225.0,2025-02-15 04:38:11,SHIPPED,CARD,41.93,North
94,114.0,2025-03-17 09:45:32,CANCELLED,COD,43.63,South
95,110.0,2024-10-06 05:41:23,DELIVERED,COD,114.55,South
96,36.0,2026-02-22 17:33:46,PLACED,UPI,142.56,South
97,435.0,2026-05-05 23:55:39,SHIPPED,NETBANKING,193.23,West
98,432.0,2025-02-09 07:24:09,RETURNED,COD,202.93,North
99,41.0,2026-01-07 19:25:21,RETURNED,CARD,153.52,South
100,231.0,2026-06-18 05:04:46,RETURNED,COD,80.41,North
101,245.0,2026-05-17 22:51:26,SHIPPED,COD,156.7,North
102,437.0,2025-05-26 05:07:21,SHIPPED,COD,55.75,East
103,423.0,2024-09-19 14:10:57,SHIPPED,NETBANKING,152.44,West
104,19.0,2025-03-20 04:32:51,CANCELLED,COD,186.39,East
105,333.0,2025-11-06 04:57:03,PLACED,UPI,84.06,West
106,163.0,2024-11-09 13:36:35,RETURNED,COD,40.95,South
107,136.0,2025-10-21 16:18:56,RETURNED,COD,91.91,West
108,170.0,2024-09-03 07:43:05,RETURNED,UPI,135.52,East
109,187.0,2024-11-28 05:06:31,DELIVERED,UPI,230.25,East
110,33.0,2025-08-24 01:04:45,DELIVERED,COD,176.92,West
111,499.0,2025-04-04 02:24:31,CANCELLED,COD,101.02,West
112,348.0,2025-06-06 01:19:04,DELIVERED,COD,70.32,South
113,36.0,2025-02-11 05:01:49,CANCELLED,COD,109.0,West
114,343.0,2025-06-06 17:23:01,DELIVERED,NETBANKING,67.83,North
115,62.0,2025-01-09 03:46:07,RETURNED,NETBANKING,242.97,West
116,195.0,2025-03-14 13:31:39,CANCELLED,COD,212.62,South
117,,2025-03-10 09:52:30,RETURNED,COD,67.1,West
118,459.0,2024-09-27 14:52:56,PLACED,COD,72.86,West
119,494.0,2025-10-05 04:25:12,PLACED,COD,164.79,West
120,345.0,2025-04-01 20:26:18,PLACED,COD,186.23,North
121,251.0,2024-07-16 18:21:25,RETURNED,CARD,64.26,East
122,342.0,2025-03-09 08:17:26,RETURNED,NETBANKING,89.07,South
123,341.0,2026-05-31 14:20:48,RETURNED,CARD,115.28,South
124,200.0,2025-07-29 03:17:54,SHIPPED,NETBANKING,182.37,West
125,496.0,2025-11-12 20:57:26,PLACED,CARD,53.23,South
126,117.0,2025-06-02 12:27:45,DELIVERED,NETBANKING,118.65,North
127,188.0,2025-10-27 10:22:34,CANCELLED,UPI,165.15,North
128,421.0,2025-09-19 16:28:23,PLACED,CARD,177.87,South
129,241.0,2025-01-05 00:52:17,CANCELLED,COD,124.65,North
130,498.0,2025-09-29 18:20:32,DELIVERED,COD,200.71,North
131,248.0,2026-03-08 13:12:09,SHIPPED,NETBANKING,47.51,West
132,470.0,2026-07-10 15:31:26,RETURNED,COD,45.78,North
133,398.0,2024-09-24 23:58:34,RETURNED,COD,145.5,North
134,117.0,2025-06-06 11:55:15,RETURNED,UPI,114.95,East
135,469.0,2026-01-06 05:10:36,CANCELLED,CARD,121.37,North
136,41.0,2025-07-28 22:38:25,PLACED,CARD,205.94,North
137,187.0,2025-07-26 01:23:32,DELIVERED,NETBANKING,112.67,East
139,215.0,2026-04-08 12:34:58,PLACED,CARD,156.31,West
140,330.0,2025-01-30 23:43:19,SHIPPED,UPI,158.31,East
141,33.0,2024-10-11 20:19:48,DELIVERED,COD,162.29,West
142,387.0,2024-08-10 15:38:57,SHIPPED,COD,102.86,North
143,63.0,2026-03-05 16:18:02,RETURNED,COD,91.26,West
144,412.0,2025-07-28 02:13:31,SHIPPED,COD,43.24,East
145,310.0,2026-05-14 23:59:37,PLACED,COD,106.48,South
146,168.0,2024-08-29 06:04:58,CANCELLED,NETBANKING,163.05,West
147,259.0,2024-01-11 08:38:39,RETURNED,UPI,105.41,West
148,12.0,2025-07-29 16:15:55,RETURNED,NETBANKING,120.59,West
149,227.0,2024-12-22 00:03:15,RETURNED,CARD,92.68,East
150,274.0,2025-08-04 11:30:50,SHIPPED,COD,48.29,West
151,448.0,2026-07-01 17:39:09,DELIVERED,UPI,42.88,East
152,429.0,2025-11-01 11:00:13,SHIPPED,NETBANKING,186.41,East
153,380.0,2024-07-27 20:01:44,SHIPPED,UPI,84.17,West
154,31.0,2025-09-18 22:20:32,SHIPPED,COD,90.74,East
155,359.0,2025-08-11 03:01:34,RETURNED,NETBANKING,153.95,East
156,330.0,2025-04-27 06:07:09,RETURNED,UPI,123.81,North
157,26.0,2025-01-25 07:48:38,RETURNED,COD,195.73,South
158,62.0,2025-09-26 12:51:01,CANCELLED,UPI,240.02,East
159,151.0,2025-09-13 12:50:35,PLACED,NETBANKING,78.15,West
160,337.0,2026-04-01 13:02:52,RETURNED,COD,198.04,South
161,203.0,2024-10-07 16:26:30,CANCELLED,CARD,81.97,North
162,39.0,2026-04-08 22:44:28,PLACED,NETBANKING,83.28,South
163,,2025-02-26 03:05:00,CANCELLED,CARD,103.84,South
164,389.0,2025-07-22 15:32:33,DELIVERED,UPI,224.95,West
165,69.0,2025-04-01 16:29:42,SHIPPED,COD,146.36,South
166,319.0,2025-02-25 13:17:10,DELIVERED,UPI,226.32,West
167,19.0,2026-07-11 06:15:37,CANCELLED,COD,203.52,West
168,176.0,2025-02-25 22:57:14,CANCELLED,NETBANKING,148.84,North
169,349.0,2024-12-21 18:19:13,PLACED,CARD,90.89,South
170,376.0,2025-04-08 21:08:33,PLACED,COD,118.38,East
171,263.0,2025-04-14 16:27:12,DELIVERED,CARD,127.61,South
172,167.0,2025-08-20 23:16:11,SHIPPED,CARD,82.19,West
173,1.0,2024-11-09 11:00:11,CANCELLED,COD,155.03,West
174,34.0,2025-04-26 02:08:58,SHIPPED,CARD,122.18,East
175,257.0,2024-10-12 20:30:03,RETURNED,UPI,106.39,South
176,446.0,2025-12-19 13:14:21,CANCELLED,UPI,247.91,South
177,132.0,2025-12-28 12:51:57,DELIVERED,CARD,79.19,East
178,,2025-12-24 22:38:26,DELIVERED,COD,112.84,South
179,485.0,2025-03-21 02:17:56,SHIPPED,UPI,62.92,South
180,258.0,2026-01-23 14:50:46,PLACED,COD,127.43,East
181,381.0,2025-06-03 19:57:05,SHIPPED,UPI,139.85,South
182,132.0,2025-03-23 06:02:17,DELIVERED,UPI,106.4,South
183,464.0,2026-06-14 13:39:14,RETURNED,UPI,194.36,South
184,30.0,2026-06-29 06:32:25,RETURNED,UPI,185.64,North
185,227.0,2025-12-05 06:24:57,SHIPPED,NETBANKING,249.43,West
186,208.0,2025-12-22 15:08:45,CANCELLED,COD,80.61,West
187,225.0,2026-06-15 12:24:05,DELIVERED,UPI,134.9,South
188,494.0,2024-08-21 05:11:02,SHIPPED,UPI,107.97,East
189,447.0,2024-12-19 05:53:25,SHIPPED,NETBANKING,63.63,North
190,336.0,2026-03-01 05:35:38,SHIPPED,UPI,203.08,South
191,473.0,2026-03-21 15:41:17,DELIVERED,UPI,43.02,North
192,478.0,2024-08-16 10:11:31,PLACED,UPI,95.99,West
193,447.0,2026-02-12 00:28:07,CANCELLED,CARD,94.99,South
194,20.0,2025-01-24 17:56:01,DELIVERED,UPI,188.01,East
195,28.0,2025-06-19 19:49:06,CANCELLED,NETBANKING,120.21,East
196,16.0,2024-10-16 07:36:57,CANCELLED,COD,204.13,South
197,478.0,2026-07-12 20:37:27,PLACED,CARD,45.73,South
198,61.0,2024-12-31 01:16:47,RETURNED,UPI,64.56,East
199,452.0,2025-04-30 08:31:24,PLACED,COD,171.94,South
200,31.0,2025-08-23 04:45:40,CANCELLED,COD,224.26,North
201,279.0,2025-06-06 05:02:09,DELIVERED,COD,220.82,South
202,223.0,2025-06-18 09:09:47,SHIPPED,UPI,86.92,West
203,105.0,2026-04-16 22:07:59,CANCELLED,UPI,132.37,South
204,,2024-11-25 20:23:39,PLACED,NETBANKING,60.2,West
205,186.0,2024-10-29 11:14:42,DELIVERED,COD,88.19,North
206,4.0,2024-09-02 12:27:37,SHIPPED,NETBANKING,225.33,East
207,318.0,2026-01-02 20:07:02,PLACED,NETBANKING,62.47,East
208,238.0,2025-09-27 01:51:20,SHIPPED,UPI,93.09,South
209,52.0,2025-04-15 19:07:28,CANCELLED,COD,197.22,West
210,196.0,2025-10-27 11:02:39,CANCELLED,UPI,109.86,East
211,149.0,2025-08-02 03:31:17,SHIPPED,NETBANKING,141.08,South
212,138.0,2024-08-10 11:04:17,PLACED,UPI,143.1,East
213,128.0,2026-04-18 06:01:07,DELIVERED,CARD,197.43,East
214,176.0,2024-12-01 11:20:51,DELIVERED,COD,198.0,South
215,287.0,2025-03-04 03:01:04,RETURNED,NETBANKING,220.49,North
216,202.0,2025-06-26 02:01:55,DELIVERED,COD,203.16,East
217,24.0,2026-05-26 07:06:29,CANCELLED,NETBANKING,166.28,East
218,394.0,2024-12-29 17:43:18,SHIPPED,COD,111.46,North
219,277.0,2026-06-23 14:56:15,SHIPPED,COD,111.68,East
220,481.0,2025-06-02 08:21:03,CANCELLED,CARD,199.06,East
221,240.0,2025-10-04 02:16:18,RETURNED,UPI,205.08,South
222,236.0,2025-11-19 08:56:13,SHIPPED,CARD,193.99,South
223,215.0,2025-10-06 07:16:30,CANCELLED,NETBANKING,203.5,East
224,54.0,2025-03-07 13:51:57,PLACED,UPI,63.37,East
225,377.0,2024-08-01 03:28:07,PLACED,CARD,138.83,North
226,414.0,2025-07-09 23:12:55,RETURNED,CARD,187.67,North
227,309.0,2026-01-23 20:22:12,DELIVERED,CARD,75.81,West
228,349.0,2026-07-04 23:06:42,DELIVERED,NETBANKING,164.71,West
229,414.0,2026-06-24 04:29:28,DELIVERED,NETBANKING,227.11,South
230,498.0,2025-03-03 00:44:34,PLACED,CARD,124.75,South
231,360.0,2026-04-05 07:14:14,SHIPPED,UPI,104.29,West
232,347.0,2026-05-09 10:53:11,RETURNED,COD,93.23,West
233,49.0,2025-10-09 14:18:40,RETURNED,UPI,61.44,North
234,18.0,2024-10-03 06:10:23,PLACED,UPI,224.2,West
235,136.0,2026-01-19 17:43:05,CANCELLED,CARD,248.36,West
236,215.0,2025-01-17 17:47:51,DELIVERED,CARD,90.38,South
237,210.0,2025-12-20 08:45:52,DELIVERED,COD,131.75,West
238,,2024-10-06 12:03:09,DELIVERED,CARD,53.62,North
239,31.0,2025-09-16 12:30:30,SHIPPED,COD,198.4,West
240,153.0,2026-06-14 00:35:21,SHIPPED,COD,213.23,South
241,80.0,2024-09-15 06:02:56,CANCELLED,COD,249.03,West
242,381.0,2024-09-27 14:15:43,DELIVERED,CARD,232.76,East
243,468.0,2024-08-06 05:48:07,PLACED,NETBANKING,170.18,South
244,20.0,2024-09-15 05:37:05,PLACED,UPI,91.1,West
245,296.0,2024-10-17 23:10:19,SHIPPED,NETBANKING,131.51,West
246,76.0,2024-08-15 21:47:42,DELIVERED,COD,203.85,South
247,384.0,2025-11-21 07:47:28,PLACED,NETBANKING,157.37,North
248,467.0,2025-06-04 10:48:51,CANCELLED,UPI,103.31,East
249,452.0,2026-04-16 02:15:29,PLACED,NETBANKING,64.68,North
250,163.0,2025-12-24 04:53:40,DELIVERED,UPI,245.93,East
251,96.0,2024-08-30 17:36:27,DELIVERED,COD,207.9,North
252,340.0,2025-12-08 03:53:55,RETURNED,COD,210.64,South
253,454.0,2024-11-07 19:07:22,PLACED,CARD,180.14,East
254,205.0,2025-05-27 16:18:34,CANCELLED,CARD,93.12,South
255,487.0,2024-10-27 21:22:14,CANCELLED,COD,49.11,North
256,76.0,2025-08-27 07:23:59,PLACED,COD,70.11,West
257,259.0,2025-09-24 23:46:03,RETURNED,UPI,167.04,South
258,245.0,2024-07-28 20:06:18,CANCELLED,UPI,139.03,West
259,336.0,2026-03-09 17:56:04,SHIPPED,CARD,122.88,South
260,451.0,2025-12-28 02:42:50,SHIPPED,UPI,85.41,South
261,407.0,2025-04-14 20:28:41,SHIPPED,UPI,161.96,East
262,112.0,2024-11-27 12:57:13,PLACED,CARD,162.12,South
263,51.0,2025-02-26 11:23:58,DELIVERED,UPI,58.82,West
264,389.0,2025-10-03 17:22:24,CANCELLED,CARD,132.01,North
265,315.0,2024-12-06 03:00:53,CANCELLED,COD,234.22,North
266,255.0,2025-04-17 10:16:18,RETURNED,COD,219.34,North
267,273.0,2025-10-28 04:03:42,SHIPPED,COD,224.85,East
268,92.0,2024-07-15 07:05:12,PLACED,UPI,194.08,West
269,285.0,2025-10-06 21:42:27,PLACED,UPI,44.8,West
270,303.0,2024-10-05 20:35:52,CANCELLED,NETBANKING,240.51,West
271,238.0,2025-05-31 17:37:14,PLACED,NETBANKING,216.11,East
272,,2025-05-25 17:33:43,CANCELLED,COD,73.84,East
273,281.0,2025-07-17 21:58:19,RETURNED,CARD,165.69,East
274,97.0,2025-03-15 17:18:40,CANCELLED,NETBANKING,169.89,East
275,126.0,2025-12-26 04:07:40,SHIPPED,COD,229.72,East
276,353.0,2025-02-19 20:04:43,PLACED,UPI,203.74,North
277,128.0,2025-06-23 09:49:31,RETURNED,CARD,72.49,East
278,32.0,2025-06-28 20:52:48,SHIPPED,CARD,157.03,North
279,322.0,2025-09-27 09:51:38,PLACED,CARD,87.77,West
280,341.0,2026-06-08 07:06:07,DELIVERED,NETBANKING,238.96,East
281,458.0,2025-12-17 08:44:59,CANCELLED,CARD,64.66,West
282,329.0,2025-03-05 17:31:26,CANCELLED,NETBANKING,62.17,South
283,152.0,2026-05-13 23:35:54,SHIPPED,COD,59.71,South
284,360.0,2024-12-05 19:10:04,RETURNED,UPI,85.95,South
285,433.0,2025-06-24 08:01:37,CANCELLED,UPI,52.94,North
286,285.0,2024-10-20 03:03:27,PLACED,NETBANKING,93.5,East
287,479.0,2024-07-19 20:06:32,SHIPPED,UPI,206.85,East
288,260.0,2024-12-14 04:09:15,RETURNED,CARD,0.0,West
289,165.0,2024-09-24 02:13:52,DELIVERED,NETBANKING,180.84,East
290,245.0,2024-10-08 14:33:50,RETURNED,CARD,188.29,East
291,290.0,2025-07-14 18:38:55,SHIPPED,NETBANKING,53.38,South
292,348.0,2024-07-21 18:11:07,DELIVERED,NETBANKING,68.33,West
293,399.0,2025-10-23 21:16:49,RETURNED,UPI,114.69,West
294,9.0,2025-04-17 16:10:17,CANCELLED,UPI,152.8,South
295,322.0,2025-08-08 12:50:53,PLACED,CARD,139.35,North
296,301.0,2025-10-08 13:50:27,DELIVERED,CARD,235.75,South
297,283.0,2025-08-24 17:55:58,RETURNED,UPI,179.96,North
298,437.0,2026-02-25 11:34:36,RETURNED,COD,113.43,East
299,462.0,2025-06-29 12:39:57,PLACED,UPI,42.05,East
300,163.0,2025-11-27 15:10:34,CANCELLED,NETBANKING,124.78,East
301,32.0,2026-02-09 16:35:42,DELIVERED,NETBANKING,232.7,East
302,233.0,2026-01-17 13:03:31,PLACED,CARD,117.06,East
303,177.0,2024-11-21 09:49:31,DELIVERED,UPI,42.58,East
304,158.0,2025-11-04 01:14:05,CANCELLED,UPI,171.05,North
305,300.0,2026-03-24 13:28:54,CANCELLED,COD,130.85,North
306,347.0,2025-09-13 09:43:59,SHIPPED,UPI,0.0,South
307,493.0,2025-04-06 23:50:37,DELIVERED,CARD,196.88,West
308,152.0,2026-04-22 19:22:56,CANCELLED,NETBANKING,182.36,West
309,260.0,2026-05-01 17:24:59,SHIPPED,UPI,225.8,East
310,268.0,2025-08-17 01:26:51,CANCELLED,COD,244.63,North
311,448.0,2025-04-19 14:05:01,RETURNED,NETBANKING,46.56,East
312,98.0,2024-08-05 03:08:56,SHIPPED,CARD,175.57,East
313,53.0,2025-06-18 15:25:50,DELIVERED,CARD,88.01,North
314,368.0,2025-06-04 14:47:30,RETURNED,COD,111.09,South
315,77.0,2024-09-22 12:20:57,SHIPPED,CARD,77.37,East
316,307.0,2026-06-02 09:46:34,SHIPPED,NETBANKING,50.21,North
317,276.0,2024-08-20 10:59:40,RETURNED,NETBANKING,72.93,East
318,378.0,2025-09-14 03:58:18,CANCELLED,COD,220.25,North
319,,2026-03-16 18:27:14,DELIVERED,COD,54.7,East
320,85.0,2026-01-25 16:23:04,CANCELLED,UPI,164.95,North
321,430.0,2026-02-05 08:05:56,PLACED,CARD,230.57,West
322,135.0,2024-12-18 19:51:55,DELIVERED,CARD,244.4,East
323,150.0,2025-10-02 22:12:41,RETURNED,CARD,155.43,North
324,351.0,2025-11-19 05:04:24,SHIPPED,CARD,161.88,West
325,384.0,2025-05-17 13:00:44,PLACED,CARD,141.73,West
326,7.0,2025-09-09 12:07:23,SHIPPED,CARD,125.09,East
327,471.0,2025-04-02 18:58:26,PLACED,COD,102.68,South
328,424.0,2025-10-21 21:47:25,CANCELLED,NETBANKING,249.62,North
329,415.0,2025-04-15 12:00:12,DELIVERED,NETBANKING,86.89,North
330,71.0,2026-01-25 10:26:31,DELIVERED,NETBANKING,110.83,South
331,459.0,2025-04-16 21:36:23,PLACED,COD,193.86,North
332,268.0,2026-02-04 11:46:39,RETURNED,UPI,76.5,West
333,289.0,2026-04-25 10:06:45,PLACED,NETBANKING,101.75,East
334,232.0,2025-02-14 04:52:44,RETURNED,CARD,110.75,North
336,137.0,2024-09-18 07:46:59,PLACED,COD,91.34,North
338,265.0,2025-12-08 12:59:03,CANCELLED,NETBANKING,220.19,West
340,40.0,2026-01-05 01:50:18,RETURNED,COD,172.25,South
341,268.0,2026-07-09 11:30:57,RETURNED,COD,185.81,West
342,,2026-04-22 00:08:12,RETURNED,COD,78.72,South
343,320.0,2025-10-13 06:00:48,DELIVERED,UPI,216.32,West
344,39.0,2026-07-14 08:21:50,CANCELLED,UPI,225.81,South
345,219.0,2025-03-07 02:13:45,DELIVERED,CARD,100.55,North
346,,2024-09-07 12:40:12,RETURNED,NETBANKING,48.77,East
347,240.0,2026-03-12 21:53:22,CANCELLED,UPI,214.52,East
348,135.0,2025-03-06 06:11:12,RETURNED,CARD,243.53,North
349,36.0,2025-05-15 02:12:48,SHIPPED,COD,82.89,East
350,382.0,2025-03-16 11:21:19,CANCELLED,UPI,187.65,West
351,222.0,2025-01-07 19:53:42,SHIPPED,CARD,154.97,North
352,174.0,2025-11-08 13:37:54,PLACED,NETBANKING,243.0,South
353,154.0,2025-01-12 22:58:37,SHIPPED,COD,244.68,East
354,117.0,2025-01-31 10:07:25,PLACED,COD,143.69,West
355,48.0,2024-07-20 19:36:42,CANCELLED,UPI,132.39,South
356,48.0,2026-01-26 00:39:33,DELIVERED,NETBANKING,124.03,North
357,241.0,2024-11-18 13:34:28,PLACED,UPI,181.11,West
358,380.0,2025-08-01 02:50:29,DELIVERED,NETBANKING,158.99,East
359,145.0,2026-05-16 06:30:36,PLACED,NETBANKING,223.78,West
360,298.0,2025-11-26 20:37:38,RETURNED,NETBANKING,52.62,East
361,8.0,2025-06-14 22:34:48,PLACED,CARD,172.82,North
362,77.0,2025-05-08 01:38:50,SHIPPED,NETBANKING,138.67,East
363,481.0,2025-01-28 13:02:06,DELIVERED,UPI,103.69,North
364,225.0,2026-05-19 06:23:03,DELIVERED,COD,49.52,South
366,116.0,2025-07-19 16:16:45,SHIPPED,NETBANKING,146.18,South
367,4.0,2025-08-09 02:35:10,PLACED,CARD,201.22,North
368,121.0,2024-08-03 14:33:05,DELIVERED,UPI,162.46,East
369,191.0,2024-08-23 09:48:48,SHIPPED,CARD,129.16,West
370,486.0,2026-04-03 05:40:19,PLACED,CARD,56.2,East
371,82.0,2025-04-16 18:31:27,CANCELLED,UPI,141.82,East
372,399.0,2025-01-02 12:18:09,CANCELLED,NETBANKING,41.44,East
374,17.0,2025-08-10 18:46:44,RETURNED,NETBANKING,148.01,East
375,467.0,2026-04-04 17:33:48,CANCELLED,UPI,78.43,West
376,131.0,2026-04-01 18:30:08,CANCELLED,UPI,180.25,East
377,,2025-10-21 01:53:36,PLACED,CARD,90.3,North
378,419.0,2025-11-25 19:34:32,DELIVERED,UPI,180.85,South
379,427.0,2024-10-25 05:33:39,PLACED,CARD,64.66,East
380,103.0,2025-04-22 20:14:22,PLACED,NETBANKING,166.62,East
381,151.0,2025-02-21 19:43:39,SHIPPED,NETBANKING,148.6,North
382,7.0,2025-01-19 14:44:12,SHIPPED,COD,99.21,South
383,81.0,2026-04-26 19:05:36,SHIPPED,UPI,245.0,North
384,383.0,2026-02-15 01:38:20,CANCELLED,NETBANKING,93.16,East
385,265.0,2024-11-24 22:12:41,CANCELLED,NETBANKING,151.22,North
386,471.0,2025-06-01 07:40:17,CANCELLED,NETBANKING,182.81,West
387,159.0,2026-06-17 14:15:50,SHIPPED,NETBANKING,66.07,East
388,443.0,2024-10-22 05:27:18,PLACED,NETBANKING,140.31,West
389,205.0,2025-10-08 07:39:16,CANCELLED,CARD,100.38,North
390,,2025-07-25 07:37:55,SHIPPED,CARD,208.51,East
391,389.0,2025-06-05 12:17:04,SHIPPED,UPI,200.58,West
392,297.0,2025-06-20 19:13:41,CANCELLED,CARD,189.9,West
393,23.0,2024-10-20 08:04:52,CANCELLED,NETBANKING,236.54,East
394,250.0,2025-03-25 11:36:46,SHIPPED,COD,218.03,North
395,164.0,2025-08-22 10:01:20,DELIVERED,UPI,112.6,North
396,156.0,2026-06-09 20:40:04,PLACED,NETBANKING,54.66,South
397,2.0,2024-07-28 14:23:44,DELIVERED,COD,167.38,North
398,209.0,2025-11-30 04:54:08,SHIPPED,NETBANKING,84.22,South
399,418.0,2024-11-14 05:57:43,DELIVERED,NETBANKING,69.65,West
400,153.0,2025-08-22 10:25:23,RETURNED,NETBANKING,108.6,East
401,197.0,2025-04-01 17:07:24,PLACED,CARD,69.66,East
402,490.0,2025-04-07 23:00:43,SHIPPED,CARD,64.72,North
403,196.0,2025-08-06 21:26:18,PLACED,COD,133.2,East
404,142.0,2025-06-09 23:55:03,RETURNED,CARD,122.18,South
405,379.0,2024-11-25 20:16:54,PLACED,NETBANKING,179.72,East
406,146.0,2025-04-04 02:00:45,CANCELLED,UPI,161.96,East
407,166.0,2026-01-03 13:34:52,PLACED,UPI,151.43,West
408,105.0,2024-08-09 02:31:50,PLACED,CARD,205.49,South
409,79.0,2026-01-11 14:00:26,PLACED,NETBANKING,224.49,North
410,333.0,2024-08-26 16:03:49,RETURNED,UPI,107.09,East
411,340.0,2026-06-06 15:01:12,PLACED,COD,220.05,East
412,126.0,2025-11-02 08:15:25,DELIVERED,UPI,89.74,West
413,377.0,2026-07-01 01:19:28,RETURNED,NETBANKING,90.7,East
414,422.0,2025-11-05 14:56:44,CANCELLED,UPI,242.2,East
415,270.0,2025-08-10 07:11:41,SHIPPED,COD,166.64,West
416,455.0,2025-08-10 19:47:20,DELIVERED,NETBANKING,50.64,North
417,398.0,2026-06-30 10:41:17,RETURNED,UPI,51.93,South
418,30.0,2025-04-15 22:33:20,DELIVERED,NETBANKING,97.14,South
419,196.0,2024-10-03 19:12:33,SHIPPED,COD,153.28,West
420,,2025-12-11 01:50:03,RETURNED,CARD,216.49,East
421,11.0,2026-01-15 12:51:29,RETURNED,NETBANKING,100.38,West
422,4.0,2026-03-27 17:11:41,RETURNED,UPI,83.28,North
423,226.0,2025-01-29 06:03:48,DELIVERED,CARD,60.99,West
424,65.0,2024-11-08 03:29:35,PLACED,CARD,239.99,West
425,254.0,2024-11-03 05:41:01,DELIVERED,CARD,185.6,West
426,364.0,2025-10-26 12:56:19,CANCELLED,CARD,190.32,East
427,205.0,2026-03-30 03:38:54,SHIPPED,NETBANKING,163.24,South
428,239.0,2025-09-24 08:18:27,CANCELLED,COD,164.87,West
429,180.0,2025-12-09 12:57:22,SHIPPED,UPI,224.36,West
430,51.0,2024-10-22 14:01:18,SHIPPED,COD,174.52,South
431,451.0,2026-01-17 22:53:21,CANCELLED,COD,100.89,East
432,14.0,2024-10-02 23:02:19,SHIPPED,UPI,101.76,North
433,,2026-02-26 16:20:01,CANCELLED,COD,57.46,East
434,461.0,2026-04-21 20:44:38,CANCELLED,CARD,185.29,East
435,111.0,2025-05-15 22:45:06,RETURNED,UPI,83.59,North
436,264.0,2025-06-08 15:35:23,CANCELLED,NETBANKING,215.33,East
437,220.0,2025-06-01 16:02:50,PLACED,UPI,101.11,North
438,407.0,2025-12-20 13:31:26,SHIPPED,NETBANKING,214.81,West
439,12.0,2024-10-27 07:34:24,DELIVERED,NETBANKING,220.54,South
440,68.0,2024-11-25 07:10:03,CANCELLED,COD,221.01,South
441,369.0,2026-06-23 04:39:13,PLACED,UPI,73.04,West
442,20.0,2025-09-08 20:30:42,PLACED,CARD,82.67,East
443,238.0,2026-03-31 23:43:21,SHIPPED,UPI,92.26,West
444,426.0,2026-05-03 01:24:07,RETURNED,NETBANKING,208.09,West
445,307.0,2025-01-17 03:16:15,SHIPPED,CARD,162.83,North
446,488.0,2025-02-05 07:56:48,CANCELLED,CARD,66.31,East
447,487.0,2026-02-14 18:29:17,CANCELLED,COD,233.48,North
448,320.0,2026-01-21 11:13:21,RETURNED,NETBANKING,190.57,North
449,347.0,2025-05-29 15:53:12,PLACED,COD,170.09,North
450,228.0,2026-04-05 01:09:50,DELIVERED,NETBANKING,204.85,West
451,345.0,2025-12-10 12:58:36,SHIPPED,CARD,224.07,South
452,74.0,2026-03-05 19:58:32,DELIVERED,UPI,136.99,South
453,229.0,2026-07-14 06:27:28,PLACED,COD,51.79,West
454,79.0,2026-06-26 06:52:16,PLACED,COD,146.0,South
455,117.0,2026-05-01 15:17:52,SHIPPED,CARD,40.27,North
456,113.0,2026-05-24 16:53:14,DELIVERED,NETBANKING,193.32,East
457,235.0,2026-06-26 07:58:14,DELIVERED,COD,249.16,West
458,294.0,2025-08-26 19:48:41,SHIPPED,UPI,85.9,South
459,216.0,2026-06-09 08:44:13,SHIPPED,NETBANKING,119.53,West
460,185.0,2025-06-10 01:30:28,SHIPPED,UPI,188.38,East
461,386.0,2025-04-17 12:36:49,SHIPPED,NETBANKING,149.24,West
462,178.0,2025-10-31 18:08:04,RETURNED,COD,111.57,North
463,68.0,2025-02-28 09:59:09,PLACED,CARD,215.8,West
464,366.0,2025-01-14 14:56:47,CANCELLED,NETBANKING,247.88,West
465,290.0,2025-11-14 05:41:09,PLACED,UPI,53.66,East
466,81.0,2025-09-01 23:26:20,RETURNED,UPI,246.51,East
467,347.0,2024-12-04 10:04:29,SHIPPED,COD,164.93,West
468,349.0,2024-10-20 08:26:15,SHIPPED,UPI,107.06,North
469,369.0,2026-01-13 17:27:06,PLACED,NETBANKING,43.42,East
470,402.0,2025-08-13 17:48:43,PLACED,UPI,188.15,North
471,69.0,2025-09-06 17:58:15,RETURNED,COD,244.52,North
472,471.0,2026-06-27 05:31:21,DELIVERED,UPI,76.69,South
473,41.0,2026-04-29 17:18:25,PLACED,NETBANKING,237.3,East
475,493.0,2025-09-07 11:36:33,RETURNED,UPI,192.96,South
476,91.0,2026-02-14 05:16:25,SHIPPED,COD,115.01,East
477,164.0,2025-10-11 15:45:54,RETURNED,COD,232.68,East
478,340.0,2026-04-24 16:32:07,PLACED,CARD,109.72,South
479,187.0,2024-07-26 15:25:21,SHIPPED,CARD,214.16,West
480,499.0,2025-12-01 15:21:35,SHIPPED,COD,181.32,West
481,421.0,2024-08-20 06:35:04,SHIPPED,CARD,219.37,North
482,90.0,2025-07-15 16:36:37,DELIVERED,CARD,42.73,North
483,186.0,2025-06-25 22:39:03,RETURNED,CARD,219.98,East
484,88.0,2024-10-16 01:25:08,SHIPPED,UPI,116.07,East
485,171.0,2025-09-13 17:31:00,PLACED,CARD,237.94,West
486,391.0,2024-10-09 18:23:58,RETURNED,CARD,140.11,East
487,368.0,2026-01-06 21:41:18,SHIPPED,COD,154.51,East
488,187.0,2026-04-18 06:24:24,CANCELLED,UPI,100.84,East
489,75.0,2025-01-28 04:15:19,PLACED,COD,122.54,East
490,370.0,2024-12-12 21:00:42,PLACED,NETBANKING,234.28,South
491,100.0,2025-08-15 21:58:34,CANCELLED,CARD,226.03,South
492,352.0,2025-06-28 02:23:29,RETURNED,NETBANKING,141.16,East
493,,2026-01-12 12:05:11,PLACED,NETBANKING,186.54,North
494,7.0,2024-12-03 23:23:07,DELIVERED,COD,69.39,West
495,155.0,2025-06-04 07:23:04,SHIPPED,CARD,203.62,West
496,306.0,2025-10-01 21:10:38,DELIVERED,COD,85.73,South
497,416.0,2026-03-25 11:02:12,DELIVERED,UPI,58.23,North
498,334.0,2024-12-06 02:55:02,DELIVERED,CARD,113.37,East
499,34.0,2026-02-07 18:50:45,RETURNED,COD,54.88,East
500,,2024-12-30 06:38:38,SHIPPED,NETBANKING,220.6,North
501,192.0,2025-08-20 06:47:46,PLACED,CARD,125.37,South
502,18.0,2025-09-06 09:02:52,DELIVERED,UPI,164.11,South
503,185.0,2026-03-15 03:56:34,CANCELLED,UPI,134.36,North
504,370.0,2024-09-06 05:10:44,PLACED,UPI,83.35,East
505,203.0,2024-08-16 19:26:18,RETURNED,UPI,106.89,West
506,464.0,2025-01-25 06:10:05,DELIVERED,CARD,110.08,East
507,483.0,2024-10-21 10:05:01,PLACED,CARD,74.73,North
508,189.0,2025-01-02 19:23:46,PLACED,CARD,184.02,West
510,5.0,2025-02-18 11:49:19,RETURNED,NETBANKING,192.87,East
511,100.0,2026-06-02 15:05:28,DELIVERED,UPI,191.05,North
512,299.0,2025-10-28 02:02:37,SHIPPED,COD,114.17,West
513,415.0,2025-10-19 03:13:25,DELIVERED,CARD,139.38,East
514,376.0,2025-05-24 12:32:50,PLACED,NETBANKING,187.2,West
515,90.0,2025-07-28 22:15:38,DELIVERED,COD,96.72,North
516,280.0,2025-04-05 18:27:11,DELIVERED,NETBANKING,229.18,East
517,498.0,2025-06-21 14:40:53,CANCELLED,UPI,62.74,East
518,495.0,2025-09-22 15:18:40,DELIVERED,CARD,206.21,South
519,424.0,2024-11-12 15:59:29,PLACED,COD,191.5,West
520,233.0,2026-06-29 23:53:18,RETURNED,CARD,233.48,West
521,306.0,2024-07-31 16:38:35,RETURNED,NETBANKING,155.21,North
522,230.0,2025-12-21 03:02:11,SHIPPED,CARD,217.27,North
523,,2024-10-10 12:51:13,DELIVERED,UPI,41.54,West
524,,2026-02-12 23:21:45,SHIPPED,COD,133.75,West
525,403.0,2025-09-01 02:25:10,PLACED,CARD,139.16,North
526,301.0,2024-09-28 12:43:38,PLACED,UPI,93.58,North
527,328.0,2025-08-21 10:02:15,RETURNED,UPI,135.84,North
528,17.0,2025-01-19 11:08:14,PLACED,NETBANKING,143.21,South
529,437.0,2026-06-29 11:19:07,PLACED,COD,40.91,East
530,43.0,2025-01-30 17:35:13,DELIVERED,UPI,97.44,East
531,481.0,2024-07-20 12:08:43,CANCELLED,UPI,156.84,South
532,7.0,2025-07-01 12:32:36,SHIPPED,COD,51.37,South
533,,2025-06-20 15:53:29,SHIPPED,NETBANKING,161.6,West
534,337.0,2025-01-04 10:14:10,SHIPPED,UPI,225.38,South
535,422.0,2025-10-14 13:35:59,RETURNED,NETBANKING,51.6,North
536,165.0,2025-01-11 03:10:39,SHIPPED,NETBANKING,178.96,West
537,340.0,2024-11-16 21:58:59,SHIPPED,UPI,247.3,North
538,335.0,2025-06-10 03:49:04,DELIVERED,CARD,193.35,East
539,335.0,2025-08-18 00:45:23,SHIPPED,CARD,68.86,West
540,73.0,2025-07-19 19:00:58,SHIPPED,UPI,155.75,East
541,366.0,2024-08-23 10:40:36,CANCELLED,COD,69.43,South
542,12.0,2025-03-09 02:27:21,SHIPPED,NETBANKING,65.26,North
543,,2024-07-29 01:28:57,SHIPPED,NETBANKING,92.29,East
544,425.0,2025-01-06 12:35:30,SHIPPED,CARD,195.77,North
545,181.0,2025-10-07 07:28:27,CANCELLED,NETBANKING,161.74,South
546,223.0,2026-04-05 04:19:54,PLACED,CARD,219.58,North
547,184.0,2026-03-16 12:48:00,SHIPPED,NETBANKING,93.71,West
548,45.0,2025-06-21 18:19:36,PLACED,CARD,203.5,West
549,325.0,2024-11-11 04:30:43,SHIPPED,UPI,214.59,East
550,419.0,2025-01-13 11:28:25,RETURNED,NETBANKING,78.41,South
551,73.0,2024-08-24 01:11:53,DELIVERED,CARD,179.87,East
552,7.0,2024-09-05 20:18:43,PLACED,NETBANKING,139.04,South
553,,2024-10-26 06:21:12,PLACED,NETBANKING,233.76,North
554,163.0,2026-07-09 15:13:11,PLACED,COD,48.88,South
555,94.0,2024-11-06 10:27:04,RETURNED,UPI,205.41,West
556,479.0,2024-10-21 18:57:33,SHIPPED,CARD,81.74,South
557,285.0,2025-02-06 02:20:42,CANCELLED,COD,225.42,East
558,200.0,2026-07-05 08:34:15,PLACED,NETBANKING,47.61,South
559,237.0,2025-02-17 05:16:46,RETURNED,CARD,109.2,South
560,41.0,2025-05-26 22:34:35,DELIVERED,UPI,181.22,South
561,63.0,2024-09-22 16:32:10,CANCELLED,CARD,179.55,South
562,118.0,2026-06-14 01:09:42,PLACED,NETBANKING,78.47,East
563,296.0,2025-12-13 20:51:17,RETURNED,NETBANKING,130.2,North
564,330.0,2024-12-30 21:08:25,SHIPPED,UPI,135.65,West
565,232.0,2025-12-14 12:11:44,SHIPPED,COD,94.53,North
566,257.0,2025-04-24 19:58:40,DELIVERED,CARD,150.19,West
567,352.0,2025-04-20 17:31:51,SHIPPED,UPI,154.24,South
568,424.0,2025-05-13 04:08:05,PLACED,CARD,91.21,North
569,163.0,2025-12-20 20:15:03,PLACED,CARD,102.26,North
570,114.0,2026-01-03 18:57:48,CANCELLED,CARD,101.28,West
571,153.0,2025-04-11 15:45:31,PLACED,NETBANKING,80.51,South
572,168.0,2025-02-02 18:40:09,CANCELLED,CARD,117.0,West
573,241.0,2025-12-31 13:23:03,PLACED,NETBANKING,128.97,North
574,244.0,2026-03-07 12:31:16,DELIVERED,NETBANKING,71.14,East
575,448.0,2024-08-02 03:51:20,RETURNED,COD,198.83,West
576,259.0,2024-10-30 14:55:06,DELIVERED,COD,237.63,East
577,45.0,2025-07-08 20:31:07,PLACED,UPI,81.32,North
578,264.0,2025-07-26 22:51:46,SHIPPED,UPI,49.41,North
579,65.0,2024-12-08 19:53:16,CANCELLED,CARD,203.62,North
580,273.0,2026-05-24 10:28:07,RETURNED,NETBANKING,93.58,South
581,94.0,2025-11-05 01:17:50,RETURNED,CARD,163.2,North
582,74.0,2025-08-31 09:30:50,CANCELLED,UPI,218.44,West
583,211.0,2025-02-19 15:54:13,PLACED,NETBANKING,230.49,West
584,41.0,2024-09-30 05:15:28,RETURNED,COD,224.13,West
585,321.0,2025-01-27 05:10:53,RETURNED,UPI,209.99,East
586,369.0,2025-11-26 11:01:38,PLACED,COD,180.62,East
587,190.0,2025-10-17 12:15:53,RETURNED,NETBANKING,180.68,East
588,73.0,2024-08-16 12:59:13,CANCELLED,CARD,227.56,West
589,478.0,2024-12-22 10:53:28,SHIPPED,CARD,187.8,West
590,201.0,2025-11-14 04:08:17,DELIVERED,CARD,235.56,East
592,125.0,2026-05-26 11:40:40,DELIVERED,NETBANKING,155.55,East
593,256.0,2024-11-29 08:06:11,SHIPPED,COD,0.0,North
594,225.0,2026-02-26 12:36:52,PLACED,COD,192.74,South
595,170.0,2024-08-09 02:57:51,PLACED,UPI,151.26,South
596,37.0,2024-12-25 21:15:50,RETURNED,COD,193.92,South
597,72.0,2026-06-28 00:33:07,DELIVERED,UPI,181.45,West
598,110.0,2024-12-01 22:35:47,PLACED,NETBANKING,194.46,East
599,458.0,2025-08-04 18:17:09,DELIVERED,NETBANKING,120.71,East
600,258.0,2025-04-02 19:08:27,PLACED,COD,153.44,South
601,138.0,2025-01-26 18:55:40,SHIPPED,NETBANKING,71.67,East
602,336.0,2024-07-19 13:18:55,PLACED,CARD,211.3,West
603,445.0,2025-12-25 13:01:28,RETURNED,CARD,130.8,East
604,36.0,2025-06-27 02:43:31,CANCELLED,UPI,186.95,South
605,377.0,2026-04-28 21:27:37,DELIVERED,COD,179.43,East
606,104.0,2025-12-01 02:10:16,CANCELLED,CARD,92.92,South
607,325.0,2026-06-11 09:35:42,SHIPPED,NETBANKING,65.14,West
608,136.0,2025-02-18 13:37:30,RETURNED,UPI,165.66,East
609,19.0,2024-11-10 03:03:53,DELIVERED,NETBANKING,70.19,West
610,371.0,2025-06-10 18:41:55,CANCELLED,UPI,126.57,South
611,367.0,2025-03-11 00:11:12,PLACED,NETBANKING,227.52,North
612,490.0,2025-05-23 20:53:53,RETURNED,COD,118.76,South
613,154.0,2025-02-28 13:17:21,SHIPPED,UPI,123.99,South
614,87.0,2025-02-07 19:10:59,DELIVERED,COD,150.78,West
615,413.0,2024-07-17 01:26:20,PLACED,CARD,97.81,North
616,469.0,2025-09-04 07:46:13,SHIPPED,CARD,82.14,North
617,428.0,2026-04-12 08:25:53,DELIVERED,COD,49.65,North
618,498.0,2026-04-02 19:07:33,RETURNED,COD,126.53,West
619,413.0,2025-06-10 17:16:18,SHIPPED,UPI,189.13,North
620,273.0,2026-03-01 18:25:49,RETURNED,CARD,122.01,South
621,449.0,2025-05-01 14:06:25,RETURNED,UPI,108.59,South
622,384.0,2026-02-03 23:08:15,DELIVERED,NETBANKING,172.07,South
623,373.0,2025-01-28 19:55:28,RETURNED,COD,84.41,North
624,257.0,2026-01-10 10:25:01,DELIVERED,NETBANKING,163.16,West
625,483.0,2025-11-24 17:32:42,RETURNED,NETBANKING,235.35,East
626,407.0,2025-01-29 12:16:46,PLACED,COD,120.95,South
627,216.0,2024-11-28 20:20:00,CANCELLED,CARD,185.15,East
628,201.0,2024-08-28 02:06:11,SHIPPED,UPI,158.45,South
629,326.0,2025-09-26 09:16:10,CANCELLED,UPI,143.76,South
630,397.0,2026-03-14 23:16:46,CANCELLED,NETBANKING,90.59,West
631,384.0,2025-04-05 01:38:29,DELIVERED,CARD,214.99,East
632,476.0,2025-08-20 12:38:47,SHIPPED,COD,77.45,North
633,168.0,2024-09-26 22:26:24,SHIPPED,COD,133.19,East
635,486.0,2025-08-13 22:27:02,SHIPPED,UPI,108.56,South
636,433.0,2025-07-15 12:45:10,PLACED,NETBANKING,41.92,North
637,481.0,2026-06-12 11:48:47,DELIVERED,UPI,105.38,North
638,365.0,2024-08-09 12:34:41,RETURNED,NETBANKING,109.66,South
639,5.0,2024-12-03 20:27:22,SHIPPED,CARD,141.32,East
640,270.0,2026-05-09 09:41:58,PLACED,UPI,83.09,East
641,70.0,2025-10-10 02:45:12,DELIVERED,UPI,60.16,South
642,362.0,2024-08-11 12:39:40,PLACED,COD,73.28,South
643,430.0,2026-04-30 10:11:11,CANCELLED,UPI,193.81,West
644,115.0,2025-05-31 12:17:10,SHIPPED,COD,137.86,South
645,463.0,2026-01-08 18:45:12,SHIPPED,COD,153.33,South
646,168.0,2025-08-30 14:00:22,SHIPPED,UPI,117.99,South
647,58.0,2025-02-06 12:59:18,PLACED,COD,46.36,West
648,115.0,2025-11-05 17:58:43,SHIPPED,UPI,204.65,West
649,109.0,2025-03-13 03:09:52,SHIPPED,NETBANKING,62.96,North
650,194.0,2026-04-06 12:16:29,SHIPPED,COD,202.75,West
651,438.0,2025-01-10 18:34:26,RETURNED,UPI,157.61,West
652,154.0,2025-02-16 16:36:03,SHIPPED,COD,153.71,East
653,362.0,2025-02-02 01:29:02,DELIVERED,COD,239.08,West
654,147.0,2025-04-13 19:38:15,CANCELLED,UPI,232.68,North
655,,2025-10-22 07:33:15,RETURNED,CARD,219.31,East
656,290.0,2025-10-21 00:17:39,RETURNED,NETBANKING,55.79,East
657,23.0,2025-02-01 23:08:31,RETURNED,COD,249.81,North
658,106.0,2026-06-28 22:25:55,RETURNED,COD,146.3,South
659,66.0,2024-08-04 22:30:49,PLACED,COD,81.81,South
660,142.0,2025-07-31 03:18:47,DELIVERED,NETBANKING,50.58,North
661,222.0,2026-06-06 14:56:48,SHIPPED,COD,165.26,South
662,56.0,2024-07-25 21:17:09,PLACED,NETBANKING,209.92,East
663,116.0,2025-09-03 22:15:14,SHIPPED,NETBANKING,122.5,North
664,85.0,2025-07-17 23:58:39,DELIVERED,CARD,91.05,North
665,56.0,2024-11-24 17:01:09,SHIPPED,COD,177.6,West
666,204.0,2024-10-10 12:50:29,PLACED,NETBANKING,154.1,South
667,156.0,2025-08-20 18:31:09,CANCELLED,UPI,151.62,South
668,,2025-01-06 23:27:49,CANCELLED,COD,176.14,East
669,493.0,2024-08-16 03:32:02,CANCELLED,NETBANKING,99.43,North
670,402.0,2026-01-03 18:09:13,SHIPPED,CARD,108.35,South
671,335.0,2026-04-19 19:47:24,DELIVERED,CARD,168.4,East
672,,2025-08-05 02:41:07,RETURNED,COD,83.77,North
673,291.0,2025-11-07 09:34:06,SHIPPED,NETBANKING,143.55,East
674,105.0,2025-03-14 04:12:57,RETURNED,CARD,186.26,North
675,36.0,2025-05-07 20:12:39,DELIVERED,COD,234.55,East
676,57.0,2025-11-18 08:54:33,SHIPPED,UPI,137.52,East
677,359.0,2026-04-26 07:17:23,RETURNED,COD,53.05,South
678,315.0,2024-08-12 03:21:16,SHIPPED,CARD,88.24,West
679,198.0,2024-10-14 09:06:51,PLACED,NETBANKING,73.52,East
680,337.0,2024-10-24 18:21:05,CANCELLED,COD,144.11,North
681,124.0,2025-11-10 18:12:02,CANCELLED,COD,164.68,East
682,462.0,2026-06-29 10:13:15,CANCELLED,CARD,138.89,West
683,282.0,2025-03-24 01:02:29,DELIVERED,UPI,170.4,North
684,496.0,2026-05-13 20:40:56,SHIPPED,COD,82.35,East
685,268.0,2026-04-22 18:05:52,DELIVERED,UPI,87.48,East
686,301.0,2025-04-09 01:25:21,SHIPPED,CARD,145.74,West
687,214.0,2024-12-31 02:14:04,DELIVERED,CARD,105.98,East
688,232.0,2026-03-27 18:45:49,DELIVERED,CARD,161.45,South
689,247.0,2026-07-07 00:11:42,DELIVERED,UPI,131.45,East
690,162.0,2024-09-14 12:09:39,PLACED,CARD,118.99,North
691,12.0,2024-10-12 13:57:23,RETURNED,CARD,131.12,East
692,114.0,2025-09-05 21:34:22,PLACED,UPI,247.27,West
693,210.0,2026-04-05 07:49:17,RETURNED,CARD,146.82,South
694,100.0,2025-07-19 16:25:21,SHIPPED,CARD,55.9,North
695,73.0,2024-10-03 00:03:51,RETURNED,NETBANKING,82.29,North
696,190.0,2025-08-27 00:40:52,PLACED,UPI,106.41,North
697,259.0,2026-06-05 07:51:37,DELIVERED,COD,85.93,North
698,427.0,2026-01-30 17:48:40,SHIPPED,COD,89.57,North
699,351.0,2025-06-13 07:52:29,DELIVERED,COD,231.12,West
700,415.0,2025-02-27 06:38:23,CANCELLED,NETBANKING,43.46,East
701,420.0,2026-03-07 05:52:02,PLACED,UPI,242.85,East
702,392.0,2026-05-28 23:34:59,CANCELLED,COD,181.61,South
703,350.0,2025-01-14 04:29:46,DELIVERED,COD,114.56,South
704,,2026-06-11 18:15:32,PLACED,COD,233.13,East
705,154.0,2025-05-12 11:52:15,CANCELLED,COD,64.77,East
706,392.0,2026-01-19 15:48:50,DELIVERED,UPI,181.99,North
707,265.0,2026-05-02 02:24:26,RETURNED,CARD,178.79,West
708,27.0,2026-06-17 05:54:52,SHIPPED,NETBANKING,156.62,East
709,209.0,2025-06-26 07:25:34,CANCELLED,UPI,168.82,South
710,340.0,2025-09-03 06:12:16,PLACED,UPI,140.06,North
711,17.0,2024-12-26 09:07:05,SHIPPED,COD,93.3,North
712,45.0,2025-07-29 03:37:48,CANCELLED,COD,153.8,West
713,118.0,2025-08-22 14:18:26,CANCELLED,COD,167.06,North
714,10.0,2026-03-22 23:21:38,SHIPPED,UPI,90.11,West
715,328.0,2024-10-08 06:01:11,RETURNED,COD,188.55,South
716,339.0,2024-10-19 19:54:21,RETURNED,NETBANKING,136.24,East
717,308.0,2026-01-15 19:24:11,PLACED,NETBANKING,80.96,North
718,182.0,2024-08-05 10:36:36,PLACED,UPI,143.65,West
719,145.0,2026-04-20 17:00:35,DELIVERED,UPI,209.27,East
721,282.0,2026-05-19 22:12:40,CANCELLED,UPI,122.17,South
722,224.0,2025-08-29 16:38:46,SHIPPED,UPI,96.73,East
723,78.0,2025-07-20 01:25:48,DELIVERED,NETBANKING,245.36,South
724,176.0,2025-04-02 00:11:08,PLACED,COD,190.65,West
725,443.0,2025-07-02 12:01:20,RETURNED,CARD,218.21,North
726,495.0,2024-09-01 00:04:00,PLACED,UPI,123.83,South
727,345.0,2026-06-26 11:27:46,DELIVERED,CARD,221.98,South
728,,2025-11-06 10:13:43,DELIVERED,CARD,144.49,North
729,499.0,2025-06-24 13:15:23,SHIPPED,COD,99.74,North
730,105.0,2024-12-25 08:17:54,DELIVERED,COD,63.98,South
731,,2026-01-16 00:09:32,DELIVERED,UPI,203.04,East
732,68.0,2024-07-25 07:38:43,DELIVERED,NETBANKING,212.3,East
733,219.0,2024-10-12 01:51:22,SHIPPED,COD,156.87,South
734,145.0,2025-05-03 23:54:53,RETURNED,UPI,161.31,West
736,330.0,2025-09-23 04:06:44,DELIVERED,UPI,52.52,West
737,130.0,2024-07-17 16:10:27,CANCELLED,CARD,167.59,East
738,103.0,2025-09-14 07:06:48,RETURNED,CARD,44.35,East
739,186.0,2024-07-26 12:33:09,PLACED,UPI,177.25,West
740,67.0,2026-01-19 13:44:28,SHIPPED,COD,224.14,North
741,70.0,2025-06-26 13:11:15,PLACED,UPI,154.34,North
742,117.0,2024-11-03 04:34:27,RETURNED,UPI,151.01,East
743,194.0,2025-09-03 23:33:00,PLACED,COD,107.38,West
744,358.0,2025-07-24 04:07:07,DELIVERED,NETBANKING,210.5,West
745,179.0,2024-08-06 21:39:59,PLACED,UPI,113.14,North
746,387.0,2026-02-10 18:17:59,SHIPPED,UPI,140.72,North
747,239.0,2024-10-16 05:57:19,SHIPPED,UPI,53.11,North
748,432.0,2026-03-14 06:56:38,SHIPPED,CARD,107.68,West
749,350.0,2025-03-17 04:37:50,RETURNED,UPI,186.02,North
750,278.0,2025-05-17 11:43:33,RETURNED,CARD,60.53,East
751,392.0,2025-04-07 11:05:29,PLACED,CARD,225.22,South
752,5.0,2026-01-02 23:44:56,PLACED,CARD,124.58,West
753,,2025-04-16 21:25:40,CANCELLED,NETBANKING,239.28,West
754,415.0,2025-07-03 02:39:40,SHIPPED,NETBANKING,69.65,West
755,84.0,2024-11-02 11:44:10,CANCELLED,COD,64.75,West
756,193.0,2026-06-03 09:46:58,SHIPPED,CARD,84.95,North
757,484.0,2024-12-16 20:50:31,RETURNED,CARD,70.9,East
758,242.0,2024-12-02 08:17:35,DELIVERED,NETBANKING,159.3,South
759,327.0,2025-07-04 18:21:56,SHIPPED,CARD,78.43,East
760,23.0,2025-04-24 09:51:17,SHIPPED,NETBANKING,240.15,North
761,250.0,2025-07-29 13:16:19,RETURNED,UPI,217.25,North
762,93.0,2025-06-06 12:23:51,PLACED,COD,145.38,North
763,159.0,2025-03-30 07:19:34,DELIVERED,CARD,58.67,West
764,434.0,2024-11-16 16:04:27,CANCELLED,CARD,191.0,North
765,462.0,2025-09-18 22:38:28,DELIVERED,NETBANKING,166.92,West
766,485.0,2024-09-21 22:28:00,RETURNED,COD,219.85,North
767,386.0,2026-06-29 00:10:06,PLACED,CARD,73.1,North
768,439.0,2025-05-27 19:08:57,DELIVERED,UPI,155.45,North
769,289.0,2025-02-02 07:42:01,RETURNED,UPI,140.64,South
770,225.0,2024-12-19 18:25:35,CANCELLED,UPI,68.36,West
771,426.0,2024-09-09 16:04:13,SHIPPED,NETBANKING,48.06,North
772,,2026-01-09 18:46:18,DELIVERED,UPI,125.5,North
773,72.0,2025-07-11 19:29:41,SHIPPED,COD,62.14,North
774,228.0,2024-10-16 07:53:07,CANCELLED,NETBANKING,209.45,North
775,199.0,2024-08-12 17:15:49,CANCELLED,CARD,213.47,East
776,328.0,2024-08-06 07:56:01,RETURNED,UPI,141.64,West
777,87.0,2026-05-25 21:25:50,RETURNED,COD,213.98,South
778,96.0,2025-04-18 22:46:10,CANCELLED,UPI,227.05,North
779,112.0,2024-09-24 12:19:15,PLACED,UPI,232.84,West
780,142.0,2025-12-06 08:21:58,PLACED,NETBANKING,181.71,West
781,317.0,2025-07-09 12:13:03,SHIPPED,CARD,78.72,East
782,110.0,2026-05-03 12:47:54,CANCELLED,COD,188.23,West
783,226.0,2025-06-14 01:32:35,PLACED,NETBANKING,42.32,South
784,,2025-06-01 16:39:41,RETURNED,COD,66.1,West
785,385.0,2024-12-13 14:14:39,DELIVERED,NETBANKING,73.45,South
786,269.0,2026-03-10 15:17:51,SHIPPED,CARD,219.46,South
787,432.0,2024-09-14 04:41:03,RETURNED,UPI,115.74,East
788,260.0,2025-11-09 13:20:34,CANCELLED,COD,69.28,South
789,436.0,2026-03-04 18:50:00,CANCELLED,NETBANKING,87.63,North
790,30.0,2024-07-30 05:30:53,CANCELLED,UPI,132.34,West
791,288.0,2024-09-23 14:43:13,RETURNED,COD,87.17,West
792,450.0,2025-12-20 16:54:10,PLACED,COD,40.58,East
793,268.0,2026-02-19 05:43:30,PLACED,CARD,56.48,East
794,13.0,2024-11-25 00:43:38,CANCELLED,COD,132.07,West
795,236.0,2026-07-01 09:50:34,RETURNED,UPI,165.15,South
796,181.0,2024-08-21 05:07:28,PLACED,CARD,209.3,West
797,312.0,2025-05-24 10:14:15,CANCELLED,COD,145.06,North
798,20.0,2025-02-05 22:09:32,SHIPPED,COD,153.21,South
799,62.0,2025-09-24 08:00:20,CANCELLED,COD,235.47,South
800,14.0,2026-07-04 14:49:54,SHIPPED,UPI,179.26,East
801,70.0,2025-08-06 14:23:00,PLACED,NETBANKING,204.16,East
802,359.0,2026-05-05 18:18:31,CANCELLED,UPI,105.94,West
803,244.0,2025-05-12 16:42:37,RETURNED,COD,0.0,South
804,481.0,2024-12-25 16:37:28,CANCELLED,UPI,184.74,East
805,133.0,2025-06-28 13:43:23,CANCELLED,UPI,237.32,South
806,125.0,2025-11-26 07:58:36,PLACED,NETBANKING,187.02,East
807,466.0,2025-01-05 01:29:55,DELIVERED,NETBANKING,247.01,South
808,164.0,2025-09-09 21:33:23,SHIPPED,CARD,211.86,East
809,142.0,2024-08-11 19:12:43,PLACED,NETBANKING,153.14,North
810,484.0,2025-03-05 16:59:05,RETURNED,NETBANKING,246.93,East
811,3.0,2025-03-31 04:42:41,PLACED,NETBANKING,76.76,North
812,47.0,2025-11-26 20:37:45,CANCELLED,COD,71.47,East
813,164.0,2025-05-06 23:53:28,DELIVERED,UPI,47.14,East
814,102.0,2025-09-24 18:32:03,PLACED,CARD,92.53,North
815,240.0,2026-03-15 11:44:37,SHIPPED,UPI,69.82,North
816,372.0,2026-02-09 19:32:47,CANCELLED,NETBANKING,0.0,South
817,14.0,2024-10-17 13:35:10,DELIVERED,CARD,212.67,West
818,432.0,2025-08-22 13:40:45,RETURNED,UPI,97.87,East
819,56.0,2024-09-24 15:48:01,PLACED,NETBANKING,101.99,North
820,20.0,2024-10-15 12:22:37,RETURNED,UPI,157.48,West
821,43.0,2026-05-06 14:04:38,RETURNED,CARD,129.73,North
822,434.0,2025-11-27 12:01:14,RETURNED,NETBANKING,113.02,North
823,40.0,2025-04-07 02:37:13,RETURNED,UPI,146.32,North
824,194.0,2026-07-06 07:19:20,CANCELLED,CARD,204.46,East
825,234.0,2025-05-06 22:57:50,DELIVERED,COD,218.94,East
826,134.0,2026-01-29 05:39:33,CANCELLED,COD,55.34,West
827,218.0,2025-08-19 05:33:02,CANCELLED,CARD,189.74,East
828,226.0,2024-08-23 10:15:58,PLACED,COD,117.35,West
829,150.0,2025-06-25 19:57:31,DELIVERED,NETBANKING,231.27,North
830,,2024-12-13 23:59:24,RETURNED,NETBANKING,236.13,North
831,58.0,2025-12-20 12:05:31,CANCELLED,COD,172.29,West
832,294.0,2026-03-28 02:03:45,DELIVERED,COD,65.65,East
833,326.0,2025-08-15 12:16:16,CANCELLED,UPI,67.93,East
834,416.0,2024-10-09 02:50:47,DELIVERED,CARD,65.45,South
835,88.0,2025-08-13 06:26:17,CANCELLED,CARD,116.3,East
836,306.0,2025-12-21 20:17:19,SHIPPED,COD,104.45,West
837,291.0,2025-02-03 20:54:53,DELIVERED,CARD,243.35,North
838,51.0,2026-03-25 08:29:42,SHIPPED,CARD,248.35,East
839,64.0,2025-04-19 05:49:43,PLACED,CARD,91.08,East
840,445.0,2024-07-31 01:21:54,CANCELLED,UPI,88.16,East
841,50.0,2025-06-13 19:45:45,RETURNED,NETBANKING,91.09,West
842,323.0,2025-01-31 17:04:54,DELIVERED,NETBANKING,90.42,West
843,297.0,2026-04-14 05:23:41,DELIVERED,NETBANKING,107.96,West
844,430.0,2025-09-15 12:41:46,SHIPPED,UPI,243.65,East
845,84.0,2026-01-08 15:30:08,DELIVERED,NETBANKING,197.72,North
846,220.0,2025-10-18 15:27:08,CANCELLED,UPI,132.23,North
847,280.0,2026-01-31 20:13:40,DELIVERED,COD,169.4,North
848,,2026-07-07 14:50:10,PLACED,CARD,216.67,South
849,380.0,2025-11-02 23:09:56,RETURNED,NETBANKING,191.32,East
850,237.0,2026-02-06 11:29:04,PLACED,CARD,101.88,East
851,338.0,2025-02-27 06:25:22,DELIVERED,UPI,188.18,North
852,95.0,2025-09-09 04:05:30,PLACED,COD,51.85,East
853,364.0,2024-08-02 06:44:27,PLACED,UPI,189.28,North
854,325.0,2024-12-20 16:31:46,RETURNED,UPI,84.63,West
855,42.0,2025-08-25 08:57:51,PLACED,COD,130.56,East
856,348.0,2025-01-23 06:57:48,RETURNED,NETBANKING,94.53,East
857,146.0,2026-05-11 00:48:14,DELIVERED,NETBANKING,68.26,North
858,70.0,2024-11-12 17:48:14,CANCELLED,NETBANKING,224.45,South
859,400.0,2026-02-03 19:52:19,RETURNED,COD,204.89,North
860,,2026-03-13 16:06:51,PLACED,CARD,167.42,South
861,,2026-03-22 02:52:59,SHIPPED,CARD,177.66,West
862,413.0,2026-03-05 17:29:03,CANCELLED,CARD,70.77,North
863,339.0,2024-10-05 06:29:10,SHIPPED,COD,0.0,North
864,318.0,2025-07-26 09:53:04,SHIPPED,UPI,171.61,East
865,241.0,2025-07-24 20:35:29,DELIVERED,COD,100.62,West
866,,2025-06-02 05:38:31,DELIVERED,NETBANKING,198.07,North
867,251.0,2024-11-17 18:29:44,CANCELLED,NETBANKING,80.66,East
869,359.0,2024-10-15 18:29:15,DELIVERED,COD,91.2,South
870,185.0,2025-01-27 22:29:08,CANCELLED,NETBANKING,199.97,North
871,187.0,2024-10-03 22:24:58,DELIVERED,UPI,59.1,South
872,224.0,2026-02-07 04:00:27,RETURNED,NETBANKING,74.16,North
873,6.0,2025-06-25 05:26:10,RETURNED,NETBANKING,219.23,East
874,94.0,2024-07-23 19:32:29,RETURNED,CARD,121.72,South
875,237.0,2025-12-15 07:46:37,PLACED,UPI,208.67,North
876,346.0,2026-05-06 02:57:26,PLACED,CARD,227.5,South
877,34.0,2025-07-10 17:13:27,PLACED,UPI,113.36,East
878,115.0,2026-03-16 01:14:36,RETURNED,NETBANKING,75.65,North
879,145.0,2026-05-22 04:24:48,PLACED,COD,218.79,West
880,384.0,2025-07-27 15:55:05,SHIPPED,NETBANKING,91.89,East
881,132.0,2025-07-29 05:57:35,PLACED,COD,104.48,East
882,168.0,2026-04-05 14:23:45,DELIVERED,CARD,240.96,North
883,45.0,2025-07-10 09:43:01,DELIVERED,CARD,142.94,South
884,379.0,2025-06-24 00:05:08,DELIVERED,CARD,232.96,West
885,321.0,2025-02-13 02:53:53,RETURNED,COD,160.18,North
886,378.0,2024-08-28 16:14:31,PLACED,CARD,212.93,North
887,398.0,2025-08-02 16:24:43,DELIVERED,UPI,202.52,North
888,204.0,2024-09-16 01:41:48,SHIPPED,NETBANKING,55.44,North
889,81.0,2025-11-06 02:13:49,SHIPPED,UPI,90.29,South
890,27.0,2026-05-24 13:24:02,RETURNED,NETBANKING,49.71,East
891,219.0,2026-04-16 15:55:11,RETURNED,NETBANKING,240.46,South
892,336.0,2026-03-31 11:44:34,PLACED,CARD,111.22,North
893,15.0,2025-10-01 04:14:21,RETURNED,CARD,224.81,West
894,294.0,2025-03-12 04:39:19,DELIVERED,CARD,220.24,West
895,65.0,2025-04-02 10:36:16,RETURNED,CARD,170.32,South
896,91.0,2026-01-30 10:14:50,SHIPPED,COD,221.58,North
897,126.0,2025-09-06 21:03:12,DELIVERED,COD,186.79,South
898,70.0,2026-03-31 12:39:44,PLACED,COD,166.36,North
899,88.0,2025-08-01 01:15:13,SHIPPED,NETBANKING,149.93,West
901,451.0,2026-04-14 07:26:13,DELIVERED,COD,142.13,South
902,129.0,2026-02-06 07:01:45,CANCELLED,NETBANKING,229.93,North
903,36.0,2025-12-11 16:26:58,RETURNED,UPI,208.96,West
904,338.0,2025-04-06 01:56:43,RETURNED,NETBANKING,74.23,North
905,132.0,2024-12-18 13:41:00,PLACED,COD,145.32,North
906,132.0,2025-12-07 22:54:32,DELIVERED,CARD,163.15,East
907,97.0,2024-07-16 18:18:36,DELIVERED,UPI,249.85,East
908,132.0,2026-02-14 09:51:38,CANCELLED,COD,83.52,North
909,26.0,2025-09-08 03:51:40,SHIPPED,CARD,49.75,South
910,79.0,2025-10-17 22:01:05,RETURNED,CARD,181.19,East
912,44.0,2024-08-08 18:35:03,SHIPPED,NETBANKING,40.49,South
913,87.0,2025-05-11 17:29:38,RETURNED,COD,154.58,South
914,266.0,2025-08-04 20:44:35,PLACED,COD,74.59,North
915,103.0,2026-02-03 20:06:08,DELIVERED,COD,165.75,West
916,196.0,2025-12-14 23:46:25,CANCELLED,UPI,209.77,North
917,413.0,2024-10-10 11:33:41,DELIVERED,COD,185.76,North
918,490.0,2025-09-12 00:59:00,CANCELLED,CARD,185.76,East
919,356.0,2025-10-10 23:05:02,PLACED,UPI,100.56,North
920,180.0,2025-03-13 10:34:54,SHIPPED,COD,0.0,North
921,449.0,2025-08-13 01:23:45,DELIVERED,COD,122.69,North
922,134.0,2025-12-27 06:25:08,CANCELLED,NETBANKING,153.48,East
923,155.0,2025-01-08 07:38:15,CANCELLED,CARD,90.78,West
926,319.0,2024-12-23 07:14:07,PLACED,CARD,230.15,West
927,186.0,2026-01-03 15:02:21,RETURNED,COD,133.66,North
928,467.0,2025-11-28 23:23:02,PLACED,CARD,64.65,East
929,134.0,2026-03-30 12:35:14,CANCELLED,COD,52.07,South
930,464.0,2025-08-05 06:07:43,SHIPPED,CARD,69.49,North
931,189.0,2026-03-01 09:16:08,PLACED,CARD,184.18,North
932,226.0,2025-11-28 05:18:28,CANCELLED,CARD,220.0,South
933,260.0,2024-07-26 20:43:31,SHIPPED,NETBANKING,79.23,North
934,209.0,2026-07-13 03:36:47,SHIPPED,NETBANKING,129.09,North
935,498.0,2024-07-20 23:26:12,PLACED,CARD,127.26,East
936,62.0,2025-04-13 08:59:00,CANCELLED,COD,181.35,West
937,63.0,2024-08-21 10:57:35,DELIVERED,CARD,75.35,South
938,22.0,2024-09-11 07:12:57,PLACED,UPI,116.88,North
939,328.0,2025-07-30 18:54:47,PLACED,CARD,51.94,West
940,244.0,2025-08-25 11:08:56,PLACED,COD,92.47,North
941,261.0,2025-08-13 01:44:24,PLACED,CARD,97.87,South
942,303.0,2025-07-30 07:46:02,PLACED,CARD,202.07,South
943,379.0,2026-04-03 05:02:23,SHIPPED,NETBANKING,143.41,North
944,249.0,2025-09-26 06:04:57,DELIVERED,CARD,183.96,West
945,388.0,2024-08-23 10:26:46,CANCELLED,CARD,176.49,East
946,223.0,2025-04-23 05:33:49,CANCELLED,NETBANKING,238.95,South
947,153.0,2024-11-09 17:20:26,DELIVERED,COD,131.57,North
948,282.0,2025-03-09 15:45:55,DELIVERED,COD,227.27,North
949,460.0,2025-04-02 15:53:02,CANCELLED,COD,44.67,East
950,224.0,2025-07-13 18:48:00,SHIPPED,CARD,51.63,East
951,270.0,2024-07-21 00:54:38,PLACED,NETBANKING,177.69,East
952,3.0,2026-04-17 06:08:23,CANCELLED,CARD,128.04,North
953,306.0,2024-07-25 11:23:47,SHIPPED,COD,237.86,East
954,301.0,2026-06-13 02:59:47,SHIPPED,COD,245.35,East
955,87.0,2025-06-17 03:39:52,DELIVERED,NETBANKING,204.87,North
956,92.0,2025-12-21 23:20:45,RETURNED,UPI,224.38,East
957,358.0,2026-05-01 18:11:40,RETURNED,UPI,102.0,North
958,465.0,2025-12-02 04:37:30,SHIPPED,NETBANKING,234.33,East
959,,2025-01-09 10:36:39,PLACED,UPI,49.0,East
960,152.0,2026-03-08 06:48:36,PLACED,UPI,149.38,South
961,497.0,2026-01-06 06:06:12,CANCELLED,CARD,158.95,North
962,125.0,2024-10-30 09:58:39,CANCELLED,UPI,222.13,West
963,354.0,2026-01-16 05:15:08,SHIPPED,COD,108.79,South
964,421.0,2026-07-14 14:20:08,CANCELLED,NETBANKING,72.34,East
965,392.0,2024-08-01 18:18:36,CANCELLED,CARD,171.09,West
966,279.0,2024-07-18 01:02:19,SHIPPED,COD,206.69,West
967,147.0,2025-01-03 21:11:47,DELIVERED,NETBANKING,208.62,East
968,172.0,2026-04-25 04:52:38,DELIVERED,UPI,44.23,South
969,42.0,2026-03-01 12:37:59,PLACED,COD,120.15,East
970,247.0,2026-06-04 22:51:37,DELIVERED,CARD,121.46,South
971,125.0,2025-09-10 21:49:49,CANCELLED,COD,151.07,South
972,83.0,2024-09-21 08:44:37,CANCELLED,COD,87.64,East
973,444.0,2024-11-20 07:18:08,DELIVERED,CARD,0.0,West
974,36.0,2025-01-13 01:36:26,DELIVERED,COD,120.9,North
975,36.0,2026-04-23 02:20:29,RETURNED,UPI,136.15,West
976,101.0,2025-10-20 13:06:09,PLACED,UPI,186.71,South
977,143.0,2025-01-16 08:57:49,RETURNED,NETBANKING,233.99,North
978,11.0,2025-12-11 18:46:40,SHIPPED,NETBANKING,208.73,East
979,408.0,2025-02-21 10:46:14,CANCELLED,COD,126.45,East
980,326.0,2025-02-11 23:55:18,RETURNED,NETBANKING,153.13,South
981,128.0,2025-02-09 16:01:25,DELIVERED,NETBANKING,184.95,South
982,189.0,2025-07-21 05:32:47,RETURNED,NETBANKING,67.87,North
983,248.0,2025-11-24 07:35:57,DELIVERED,COD,63.88,East
984,384.0,2024-11-26 22:35:30,RETURNED,UPI,148.51,East
985,387.0,2025-05-16 07:41:36,CANCELLED,UPI,185.52,West
986,12.0,2024-10-09 19:23:03,SHIPPED,NETBANKING,84.81,North
987,147.0,2025-04-04 10:59:54,CANCELLED,COD,182.45,West
988,140.0,2025-08-18 17:17:57,PLACED,COD,139.53,South
989,387.0,2025-11-06 21:08:55,SHIPPED,UPI,60.41,East
990,117.0,2025-10-05 02:30:48,RETURNED,CARD,0.0,East
991,63.0,2025-07-19 19:25:13,RETURNED,UPI,158.92,South
992,230.0,2025-07-24 16:15:35,PLACED,COD,97.27,West
993,384.0,2024-11-03 16:20:53,PLACED,CARD,137.91,East
994,236.0,2025-03-24 12:56:44,PLACED,UPI,80.82,West
995,474.0,2026-03-01 23:52:08,RETURNED,COD,110.06,North
996,6.0,2025-01-13 16:01:26,SHIPPED,COD,233.22,South
997,199.0,2025-12-08 00:49:44,CANCELLED,UPI,184.49,East
998,140.0,2025-07-22 08:47:18,SHIPPED,NETBANKING,75.62,East
999,415.0,2026-04-03 22:36:29,DELIVERED,NETBANKING,45.12,West
1000,20.0,2024-09-10 10:15:31,DELIVERED,UPI,145.97,East
